,condition,milage,Year,Brand,Model,Model_Vers,S_RS,Cabriolet,Color,Transmission,6,7
0,Used,29402,2015,Porsche,911,Turbo,S,,White,Automatic,,
1,Porsche Certified,6701,2017,Porsche,911,Carrera,,,White,Automatic,,
2,Used,11905,2018,Porsche,911,GT2,RS,,White,Automatic,,
3,Used,14560,2015,Porsche,911,GT3,,,White,Automatic,,
4,Used,564,2018,Porsche,911,GT2,RS,,White,Automatic,,
5,Used,23000,2015,Porsche,911,GT3,,,White,Automatic,,
6,Used,34500,2014,Porsche,911,GT3,,,White,Automatic,,
7,Porsche Certified,14597,2017,Porsche,911,Carrera,,,White,Automatic,,
8,Used,3681,2019,Porsche,911,Carrera,4,,White,Automatic,,
9,Used,28150,2015,Porsche,911,,,,White,Automatic,,
10,Used,16909,2017,Porsche,911,Carrera,S,,White,Automatic,,
11,Porsche Certified,24166,2015,Porsche,911,Carrera,S,,White,Automatic,,
12,Porsche Certified,23613,2017,Porsche,911,Turbo,S,,White,Automatic,,
13,Used,9391,2017,Porsche,911,Carrera,,,White,Automatic,,
14,Used,2637,2019,Porsche,911,Turbo,,,White,Automatic,,
15,Porsche Certified,15318,2018,Porsche,911,Turbo,,,White,Automatic,,
16,Used,16955,2017,Porsche,911,Turbo,,,White,Automatic,,
17,Used,6200,2015,Porsche,911,GT3,,,White,Automatic,,
18,Used,6840,2019,Porsche,911,,,,White,Automatic,,
19,Used,21136,2013,Porsche,911,Carrera,S,,White,Automatic,,
20,Porsche Certified,1770,2018,Porsche,911,GT2,RS,,White,Automatic,,
21,Used,5003,2018,Porsche,911,Turbo,S,,White,Automatic,,
22,Porsche Certified,10501,2017,Porsche,911,Carrera,S,,White,Automatic,,
23,Used,7656,2015,Porsche,911,Turbo,,,White,Automatic,,
24,Used,9015,2015,Porsche,911,Carrera,S,,White,Automatic,,
25,Used,5546,2019,Porsche,911,Carrera,S,,White,Automatic,,
26,Used,20897,2013,Porsche,911,Turbo,S,,White,Automatic,,
27,Porsche Certified,2965,2017,Porsche,911,Turbo,S,,White,Automatic,,
28,Used,5205,2018,Porsche,911,Turbo,,,White,Automatic,,
29,Used,19320,2014,Porsche,911,Carrera,,,White,Automatic,,
30,Used,25378,2012,Porsche,911,Turbo,,,White,Automatic,,
31,Used,14879,2018,Porsche,911,Turbo,S,,White,Automatic,,
32,Porsche Certified,12780,2015,Porsche,911,Turbo,,,White,Automatic,,
33,Used,1838,2019,Porsche,911,Turbo,S,,White,Automatic,,
34,Used,26055,2017,Porsche,911,Carrera,S,,White,Automatic,,
35,Used,5775,2014,Porsche,911,Turbo,S,,White,Automatic,,
36,Used,2345,2018,Porsche,911,Turbo,,,White,Automatic,,
37,Used,16841,2015,Porsche,911,Carrera,4S,,White,Automatic,,
38,Used,6406,2016,Porsche,911,Carrera,S,,White,Automatic,,
39,Porsche Certified,11561,2018,Porsche,911,Turbo,S,,White,Automatic,,
40,Porsche Certified,18458,2017,Porsche,911,Turbo,S,,White,Automatic,,
41,Porsche Certified,9964,2015,Porsche,911,GT3,,,White,Automatic,,
42,Used,25294,2017,Porsche,911,Carrera,4S,,White,Automatic,,
43,Porsche Certified,13923,2017,Porsche,911,Carrera,S,,White,Automatic,,
44,Used,12352,2014,Porsche,911,Carrera,,,White,Automatic,,
45,Used,19987,2017,Porsche,911,Carrera,4S,,White,Automatic,,
46,Porsche Certified,34541,2018,Porsche,911,Carrera,,,White,Automatic,,
47,Used,9735,2018,Porsche,911,Carrera,S,,White,Automatic,,
48,Used,37321,2014,Porsche,911,Turbo,S,,White,Automatic,,
49,Used,53042,2013,Porsche,911,Carrera,,,White,Automatic,,
50,Porsche Certified,19533,2015,Porsche,911,GT3,,,White,Automatic,,
51,Used,0,2019,Porsche,911,GT3,Cup,,White,Automatic,,
52,Used,566,2019,Porsche,911,GT3,,,White,Automatic,,
53,Used,23579,2017,Porsche,911,Carrera,,,White,Automatic,,
54,Used,22041,2014,Porsche,911,Turbo,S,,White,Automatic,,
55,Used,34241,2014,Porsche,911,Carrera,S,,White,Automatic,,
56,Used,86900,2008,Porsche,911,Carrera,4,Cabriolet,White,Automatic,,
57,Porsche Certified,11384,2018,Porsche,911,Carrera,,,White,Automatic,,
58,Porsche Certified,405,2019,Porsche,911,Targa,4S,,White,Automatic,,
59,Used,18248,2014,Porsche,911,Turbo,,,White,Automatic,,
60,Used,4400,2017,Porsche,911,Carrera,,,White,Automatic,,
61,Used,31205,2013,Porsche,911,Carrera,S,,White,Automatic,,
62,Used,322,2019,Porsche,911,Turbo,S,,White,Automatic,,
63,Used,35847,2014,Porsche,911,Turbo,S,,White,Automatic,,
64,Used,29036,2017,Porsche,911,Turbo,,,White,Automatic,,
65,Used,10000,2017,Porsche,911,Carrera,S,,White,Automatic,,
0,Used,6355,2019,Porsche,911,Turbo,S,,White,Automatic,,
1,Used,18414,2014,Porsche,911,Turbo,,,White,Automatic,,
2,Used,19128,2015,Porsche,911,Turbo,S,,White,Automatic,,
3,Porsche Certified,4061,2016,Porsche,911,GT3,RS,,White,Automatic,,
4,Used,5887,2017,Porsche,911,Carrera,,,White,Automatic,,
5,Used,5839,2018,Porsche,911,GT3,,,White,Automatic,,
6,Used,37586,2017,Porsche,911,Carrera,,,White,Automatic,,
7,Used,30641,2016,Porsche,911,Targa,4S,,White,Automatic,,
8,Used,93329,2012,Porsche,911,,,,White,Automatic,,
9,Used,23518,2011,Porsche,911,Turbo,S,,White,Automatic,,
10,Used,21,2019,Porsche,911,Targa,4,,White,Automatic,,
11,Used,1650,2014,Porsche,911,GT3,,,White,Automatic,,
12,Used,9354,2015,Porsche,911,GT3,,,White,Automatic,,
13,Used,44413,2013,Porsche,911,Carrera,4S,,White,Automatic,,
14,Porsche Certified,7686,2018,Porsche,911,GT3,,,White,Automatic,,
15,Used,7,2019,Porsche,911,Turbo,S,,White,Automatic,,
16,Used,62236,2011,Porsche,911,Carrera,S,,White,Automatic,,
17,Used,15240,2016,Porsche,911,Targa,4S,,White,Automatic,,
18,Used,20356,2017,Porsche,911,Turbo,,,White,Automatic,,
19,Used,14297,2018,Porsche,911,Carrera,S,,White,Automatic,,
20,Used,18402,2017,Porsche,911,Turbo,,,White,Automatic,,
21,Used,13329,2018,Porsche,911,Turbo,S,,White,Automatic,,
22,Used,22840,2015,Porsche,911,Carrera,4S,,White,Automatic,,
23,Used,20442,2014,Porsche,911,Turbo,S,,White,Automatic,,
24,Used,3847,2018,Porsche,911,GT3,,,White,Automatic,,
25,Porsche Certified,22752,2019,Porsche,911,Carrera,,,White,Automatic,,
26,Porsche Certified,690,2016,Porsche,911,GT3,RS,,White,Automatic,,
27,Used,17532,2015,Porsche,911,GT3,,,White,Automatic,,
28,Porsche Certified,6003,2019,Porsche,911,Carrera,GTS,,White,Automatic,,
29,Used,37226,2018,Porsche,911,GT3,,,White,Automatic,,
30,Porsche Certified,7080,2019,Porsche,911,Carrera,,,White,Automatic,,
31,Used,22216,2015,Porsche,911,GT3,,,White,Automatic,,
32,Used,28779,2015,Porsche,911,Turbo,S,,White,Automatic,,
33,Used,26775,2013,Porsche,911,Carrera,S,,White,Automatic,,
34,Used,7460,2018,Porsche,911,Turbo,,,White,Automatic,,
35,Used,40700,2017,Porsche,911,Carrera,,,White,Automatic,,
36,Used,87000,2008,Porsche,911,Carrera,,,White,Automatic,,
37,Porsche Certified,5574,2017,Porsche,911,Carrera,,,White,Automatic,,
38,Used,1806,2019,Porsche,911,Carrera,S,,White,Automatic,,
39,Porsche Certified,21313,2017,Porsche,911,Carrera,,,White,Automatic,,
40,Used,22142,2015,Porsche,911,Turbo,,,White,Automatic,,
41,Porsche Certified,8765,2017,Porsche,911,Carrera,,,White,Automatic,,
42,Used,36420,2011,Porsche,911,Turbo,,,White,Automatic,,
43,Used,23649,2017,Porsche,911,Carrera,,,White,Automatic,,
44,Used,4997,2018,Porsche,911,GT3,,,White,Automatic,,
45,Used,27801,2016,Porsche,911,Turbo,,,White,Automatic,,
46,Used,1350,2019,Porsche,911,Turbo,S,,White,Automatic,,
47,Used,7960,2018,Porsche,911,Turbo,,,White,Automatic,,
48,Used,25468,2009,Porsche,911,Turbo,Cabriolet,,White,Automatic,,
49,Used,18370,2015,Porsche,911,Turbo,S,,White,Automatic,,
50,Porsche Certified,14765,2017,Porsche,911,Turbo,,,White,Automatic,,
51,Used,16119,2017,Porsche,911,Turbo,S,,White,Automatic,,
52,Used,24114,2014,Porsche,911,Turbo,S,,White,Automatic,,
53,Used,9031,2014,Porsche,911,Carrera,S,,White,Automatic,,
54,Used,17197,2017,Porsche,911,Turbo,,,White,Automatic,,
55,Used,15537,2015,Porsche,911,Turbo,,,White,Automatic,,
56,Used,30948,2017,Porsche,911,Turbo,,,White,Automatic,,
57,Used,6485,2014,Porsche,911,GT3,,,White,Automatic,,
58,Used,22300,2015,Porsche,911,GT3,,,White,Automatic,,
59,Used,26758,2015,Porsche,911,GT3,,,White,Automatic,,
60,Used,7378,2014,Porsche,911,Turbo,S,,White,Automatic,,
61,Used,3459,2018,Porsche,911,GT3,,,White,Automatic,,
62,Used,11831,2017,Porsche,911,Turbo,S,,White,Automatic,,
63,Used,13449,2015,Porsche,911,GT3,,,White,Automatic,,
64,Used,2512,2019,Porsche,911,GT3,,,White,Automatic,,
65,Porsche Certified,1112,2019,Porsche,911,Turbo,S,,White,Automatic,,
66,Used,41,2019,Porsche,911,GT3,RS,,White,Automatic,,
67,Used,1817,2019,Porsche,911,GT3,RS,,White,Automatic,,
68,Porsche Certified,17158,2014,Porsche,911,Turbo,S,,White,Automatic,,
69,Used,365,2017,Porsche,911,Targa,4S,,White,Automatic,,
70,Used,7920,2017,Porsche,911,Carrera,4,,White,Automatic,,
71,Used,6171,2018,Porsche,911,GT3,,,White,Automatic,,
72,Porsche Certified,12904,2017,Porsche,911,Carrera,,,White,Automatic,,
73,Used,26505,2015,Porsche,911,Carrera,S,,White,Automatic,,
74,Porsche Certified,12750,2017,Porsche,911,Carrera,4,,White,Automatic,,
75,Porsche Certified,6624,2019,Porsche,911,Carrera,T,,White,Automatic,,
76,Used,2902,2019,Porsche,911,Carrera,4S,,White,Automatic,,
77,Used,2980,2019,Porsche,911,GT3,RS,,White,Automatic,,
78,Used,950,2019,Porsche,911,GT2,RS,,White,Automatic,,
79,Porsche Certified,23325,2017,Porsche,911,Carrera,4,,White,Automatic,,
80,Porsche Certified,8082,2017,Porsche,911,Carrera,S,,White,Automatic,,
81,Used,10814,2016,Porsche,911,Carrera,GTS,,White,Automatic,,
82,Used,23258,2017,Porsche,911,Carrera,,,White,Automatic,,
83,Used,250,2019,Porsche,911,Turbo,,,White,Automatic,,
84,Porsche Certified,13222,2012,Porsche,911,Turbo,,,White,Automatic,,
85,Porsche Certified,7602,2018,Porsche,911,Turbo,,,White,Automatic,,
86,Used,8627,2018,Porsche,911,Turbo,,,White,Automatic,,
87,Used,5757,2018,Porsche,911,Turbo,S,,White,Automatic,,
88,Used,11397,2016,Porsche,911,Turbo,,,White,Automatic,,
89,Used,9924,2017,Porsche,911,Carrera,4S,,White,Automatic,,
90,Used,2371,2016,Porsche,911,GT3,RS,,White,Automatic,,
91,Used,37085,2017,Porsche,911,Carrera,S,,White,Automatic,,
92,Used,4154,2018,Porsche,911,Turbo,S,,White,Automatic,,
93,Used,12417,2016,Porsche,911,Carrera,GTS,,White,Automatic,,
94,Used,7604,2019,Porsche,911,Targa,4S,,White,Automatic,,
95,Used,28903,2017,Porsche,911,Carrera,,,White,Automatic,,
96,Used,21066,2017,Porsche,911,Turbo,S,,White,Automatic,,
97,Used,2723,2019,Porsche,911,GT3,RS,,White,Automatic,,
98,Porsche Certified,17310,2017,Porsche,911,Carrera,,,White,Automatic,,
99,Used,11275,2016,Porsche,911,Turbo,,,White,Automatic,,
0,Used,26274,2016,Porsche,911,Carrera,,,White,Automatic,,
1,Used,3575,2016,Porsche,911,GT3,RS,,White,Automatic,,
2,Used,51845,2008,Porsche,911,Carrera,4S,Cabriolet,White,Automatic,,
3,Porsche Certified,17446,2018,Porsche,911,Carrera,,,White,Automatic,,
4,Used,26735,2015,Porsche,911,GT3,,,White,Automatic,,
5,Used,20000,2015,Porsche,911,GT3,,,White,Automatic,,
6,Used,29500,2015,Porsche,911,Turbo,,,White,Automatic,,
7,Used,52971,2008,Porsche,911,Carrera,4,Cabriolet,White,Automatic,,
8,Used,1250,2018,Porsche,911,GT2,RS,,White,Automatic,,
9,Used,41000,2012,Porsche,911,Carrera,4S,,White,Automatic,,
10,Used,22985,2017,Porsche,911,Carrera,4,,White,Automatic,,
11,Used,17984,2011,Porsche,911,Turbo,S,,White,Automatic,,
12,Used,15363,2015,Porsche,911,Turbo,S,,White,Automatic,,
13,Used,41056,2016,Porsche,911,Carrera,4,,White,Automatic,,
14,Used,3450,2015,Porsche,911,Turbo,,,White,Automatic,,
15,Used,39656,2013,Porsche,911,Carrera,,,White,Automatic,,
16,Used,16500,2015,Porsche,911,GT3,,,White,Automatic,,
17,Used,37543,2011,Porsche,911,Targa,4,,White,Automatic,,
18,Used,11719,2014,Porsche,911,GT3,,,White,Automatic,,
19,Used,29214,2013,Porsche,911,Carrera,,,White,Automatic,,
20,Porsche Certified,56797,2015,Porsche,911,Carrera,S,,White,Automatic,,
21,Used,31288,2017,Porsche,911,Carrera,,,White,Automatic,,
22,Used,75200,2012,Porsche,911,Carrera,4S,,White,Automatic,,
23,Used,4113,2017,Porsche,911,Carrera,,,White,Automatic,,
24,Used,8830,2014,Porsche,911,GT3,,,White,Automatic,,
25,Used,58785,2008,Porsche,911,Carrera,4S,,White,Automatic,,
26,Used,61833,2011,Porsche,911,Carrera,4S,,White,Automatic,,
27,Used,13600,2012,Porsche,911,Carrera,S,,White,Automatic,,
28,Used,36843,2015,Porsche,911,Carrera,S,,White,Automatic,,
29,Used,37565,2011,Porsche,911,Carrera,GTS,,White,Automatic,,
30,Used,45727,2014,Porsche,911,Turbo,S,,White,Automatic,,
31,Used,13995,2017,Porsche,911,Turbo,S,,White,Automatic,,
32,Used,58000,2014,Porsche,911,Turbo,S,,White,Automatic,,
33,Used,6760,2018,Porsche,911,Carrera,4,GTS,White,Automatic,,
34,Used,21963,2012,Porsche,911,991,Carrera,S,White,Automatic,,
35,Porsche Certified,26732,2015,Porsche,911,Targa,4S,,White,Automatic,,
36,Used,32525,2012,Porsche,911,Carrera,4,GTS,White,Automatic,,
37,Used,29498,2013,Porsche,911,Carrera,S,,White,Automatic,,
38,Used,41359,2013,Porsche,911,Carrera,,,White,Automatic,,
39,Used,24719,2014,Porsche,911,Carrera,S,,White,Automatic,,
40,Used,734,2019,Porsche,911,GT3,RS,,White,Automatic,,
41,Porsche Certified,14403,2015,Porsche,911,GT3,,,White,Automatic,,
42,Used,7829,2014,Porsche,911,Carrera,,,White,Automatic,,
43,Used,26894,2014,Porsche,911,Carrera,S,,White,Automatic,,
44,Used,10000,2014,Porsche,911,GT3,,,White,Automatic,,
45,Used,31863,2011,Porsche,911,Carrera,GTS,,White,Automatic,,
46,Porsche Certified,15135,2015,Porsche,911,Carrera,S,,White,Automatic,,
47,Used,17001,2016,Porsche,911,GT3,RS,,White,Automatic,,
48,Used,24588,2016,Porsche,911,Turbo,S,,White,Automatic,,
49,Used,32377,2017,Porsche,911,Carrera,,,White,Automatic,,
50,Used,53064,2009,Porsche,911,Carrera,,,White,Automatic,,
51,Used,52992,2013,Porsche,911,Carrera,4S,,White,Automatic,,
52,Used,52300,2009,Porsche,911,Carrera,,,White,Automatic,,
53,Used,19547,2016,Porsche,911,GT3,RS,,White,Automatic,,
54,Porsche Certified,18528,2017,Porsche,911,Targa,4S,,White,Automatic,,
55,Used,25124,2016,Porsche,911,Carrera,,,White,Automatic,,
56,Used,15215,2014,Porsche,911,GT3,,,White,Automatic,,
57,Used,54700,2008,Porsche,911,Carrera,S,Cabriolet,White,Automatic,,
58,Used,54236,2011,Porsche,911,Turbo,S,,White,Automatic,,
59,Porsche Certified,52677,2010,Porsche,911,Carrera,,,White,Automatic,,
60,Used,44448,2015,Porsche,911,Turbo,,,White,Automatic,,
61,Used,9800,2016,Porsche,911,Targa,4,GTS,White,Automatic,,
62,Porsche Certified,6301,2018,Porsche,911,GT3,,,White,Automatic,,
63,Porsche Certified,11275,2016,Porsche,911,Turbo,,,White,Automatic,,
64,Used,68208,2008,Porsche,911,Carrera,S,Cabriolet,White,Automatic,,
65,Used,33800,2014,Porsche,911,GT3,,,White,Automatic,,
66,Used,34642,2008,Porsche,911,Carrera,S,,White,Automatic,,
67,Used,42367,2014,Porsche,911,Carrera,S,,White,Automatic,,
68,Used,25086,2015,Porsche,911,Carrera,4S,,White,Automatic,,
69,Porsche Certified,11427,2016,Porsche,911,GT3,RS,,White,Automatic,,
70,Used,100367,2007,Porsche,911,Carrera,,,White,Automatic,,
71,Used,26917,2016,Porsche,911,Carrera,GTS,,White,Automatic,,
72,Used,50972,2009,Porsche,911,Carrera,S,Cabriolet,White,Automatic,,
73,Used,25520,2016,Porsche,911,Turbo,S,,White,Automatic,,
74,Used,37321,2014,Porsche,911,Turbo,S,,White,Automatic,,
75,Used,22792,2013,Porsche,911,Carrera,S,,White,Automatic,,
76,Used,31553,2015,Porsche,911,Turbo,S,,White,Automatic,,
77,Used,40000,2014,Porsche,911,Turbo,S,,White,Automatic,,
78,Used,22878,2015,Porsche,911,GT3,,,White,Automatic,,
79,Porsche Certified,1457,2016,Porsche,911,Turbo,,,White,Automatic,,
80,Porsche Certified,13780,2016,Porsche,911,GT3,,,White,Automatic,,
81,Porsche Certified,10296,2018,Porsche,911,Carrera,,,White,Automatic,,
82,Used,58556,2011,Porsche,911,Carrera,4S,,White,Automatic,,
83,Used,36525,2013,Porsche,911,Carrera,S,,White,Automatic,,
84,Used,39881,2007,Porsche,911,Carrera,S,Cabriolet,White,Automatic,,
85,Used,18589,2015,Porsche,911,Targa,4S,,White,Automatic,,
86,Used,13786,2015,Porsche,911,Carrera,,,White,Automatic,,
87,Used,10114,2018,Porsche,911,Turbo,,,White,Automatic,,
88,Used,22978,2016,Porsche,911,Carrera,S,,White,Automatic,,
89,Used,44999,2017,Porsche,911,Carrera,S,,White,Automatic,,
90,Used,45476,2014,Porsche,911,Carrera,4S,,White,Automatic,,
91,Porsche Certified,29089,2014,Porsche,911,Carrera,S,,White,Automatic,,
92,Used,11991,2015,Porsche,911,Turbo,S,,White,Automatic,,
93,Porsche Certified,7249,2018,Porsche,911,GT3,,,White,Automatic,,
94,Used,5932,2018,Porsche,911,Carrera,,,White,Automatic,,
95,Used,18563,2017,Porsche,911,Carrera,,,White,Automatic,,
96,Porsche Certified,8305,2017,Porsche,911,Turbo,S,,White,Automatic,,
97,Used,10000,2016,Porsche,911,Turbo,,,White,Automatic,,
98,Porsche Certified,7192,2017,Porsche,911,Carrera,S,,White,Automatic,,
99,Used,40687,2008,Porsche,911,Turbo,Cabriolet,,White,Automatic,,
0,Used,82320,2008,Porsche,911,Carrera,,,Red,Automatic,,
1,Used,42322,2007,Porsche,911,Turbo,,,Red,Automatic,,
2,Used,5517,2019,Porsche,911,Carrera,T,,Red,Automatic,,
3,Used,85114,2007,Porsche,911,Turbo,,,Red,Automatic,,
4,Used,19671,2017,Porsche,911,Turbo,S,,Red,Automatic,,
5,Used,30495,2013,Porsche,911,Carrera,S,,Red,Automatic,,
6,Used,38549,2008,Porsche,911,Targa,4S,,Red,Automatic,,
7,Used,52734,2007,Porsche,911,Carrera,,,Red,Automatic,,
8,Porsche Certified,39023,2015,Porsche,911,Carrera,4S,,Red,Automatic,,
9,Used,28722,2016,Porsche,911,Targa,4S,,Red,Automatic,,
10,Used,92498,2007,Porsche,911,Turbo,,,Red,Automatic,,
11,Used,8400,2014,Porsche,911,GT3,,,Red,Automatic,,
12,Used,20911,2008,Porsche,911,Turbo,,,Red,Automatic,,
13,Used,42752,2012,Porsche,911,Carrera,S,,Red,Automatic,,
14,Used,2575,2019,Porsche,911,GT3,RS,,Red,Automatic,,
15,Used,14833,2018,Porsche,911,GT3,,,Red,Automatic,,
16,Used,36324,2007,Porsche,911,Turbo,,,Red,Automatic,,
17,Used,16000,2014,Porsche,911,Turbo,S,,Red,Automatic,,
18,Used,33434,2014,Porsche,911,Turbo,S,,Red,Automatic,,
19,Used,28555,2014,Porsche,911,Carrera,,,Red,Automatic,,
20,Used,20171,2017,Porsche,911,Carrera,S,,Red,Automatic,,
21,Porsche Certified,5336,2019,Porsche,911,Carrera,4S,,Red,Automatic,,
22,Used,31005,2015,Porsche,911,Carrera,S,,Red,Automatic,,
23,Used,22417,2017,Porsche,911,Carrera,S,,Red,Automatic,,
24,Used,25106,2011,Porsche,911,Turbo,S,,Red,Automatic,,
25,Used,39081,2008,Porsche,911,Carrera,S,Cabriolet,Red,Automatic,,
26,Used,63720,2009,Porsche,911,Carrera,4S,Cabriolet,Red,Automatic,,
27,Used,24122,2012,Porsche,911,Turbo,S,,Red,Automatic,,
28,Used,21177,2017,Porsche,911,Carrera,,,Red,Automatic,,
29,Porsche Certified,23060,2012,Porsche,911,Carrera,4,GTS,Red,Automatic,,
30,Used,62073,2007,Porsche,911,Turbo,,,Red,Automatic,,
31,Used,3000,2019,Porsche,911,Carrera,T,,Red,Automatic,,
32,Used,31612,2013,Porsche,911,Carrera,S,,Red,Automatic,,
33,Used,37193,2008,Porsche,911,Targa,4S,,Red,Automatic,,
34,Used,88822,2011,Porsche,911,Carrera,GTS,,Red,Automatic,,
35,Used,35946,2014,Porsche,911,Carrera,S,,Red,Automatic,,
36,Used,48053,2007,Porsche,911,Turbo,,,Red,Automatic,,
37,Used,11208,2017,Porsche,911,Targa,4S,,Red,Automatic,,
38,Used,13263,2009,Porsche,911,Carrera,4S,Cabriolet,Red,Automatic,,
39,Used,305,2018,Porsche,911,GT2,RS,,Red,Automatic,,
40,Porsche Certified,11958,2016,Porsche,911,Turbo,,,Red,Automatic,,
41,Used,34799,2008,Porsche,911,Targa,4S,,Red,Automatic,,
42,Used,7941,2008,Porsche,911,4S,,,Red,Automatic,,
43,Porsche Certified,15723,2015,Porsche,911,GT3,,,Red,Automatic,,
44,Used,25390,2015,Porsche,911,Turbo,S,,Red,Automatic,,
45,Used,34187,2009,Porsche,911,Carrera,S,Cabriolet,Red,Automatic,,
46,Used,23827,2014,Porsche,911,Carrera,4S,,Red,Automatic,,
47,Porsche Certified,5046,2019,Porsche,911,,,,Red,Automatic,,
48,Used,29272,2016,Porsche,911,Targa,4,GTS,Red,Automatic,,
49,Used,3071,2011,Porsche,911,Turbo,S,,Red,Automatic,,
50,Used,53969,2007,Porsche,911,Carrera,Cabriolet,,Red,Automatic,,
51,Used,1136,2019,Porsche,911,GT2,RS,,Red,Automatic,,
52,Used,10189,2017,Porsche,911,Turbo,,,Red,Automatic,,
53,Used,20976,2018,Porsche,911,Carrera,4S,,Red,Automatic,,
54,Porsche Certified,27534,2016,Porsche,911,Carrera,4S,,Red,Automatic,,
55,Used,4505,2017,Porsche,911,Turbo,S,,Red,Automatic,,
56,Used,6026,2018,Porsche,911,GT3,,,Red,Automatic,,
57,Used,6489,2018,Porsche,911,GT3,,,Red,Automatic,,
58,Porsche Certified,7047,2018,Porsche,911,Carrera,S,,Red,Automatic,,
59,Porsche Certified,16504,2015,Porsche,911,GT3,,,Red,Automatic,,
60,Porsche Certified,7420,2019,Porsche,911,Carrera,,,Red,Automatic,,
61,Used,4355,2016,Porsche,911,Targa,4S,,Red,Automatic,,
62,Used,3734,2018,Porsche,911,GT2,RS,,Red,Automatic,,
63,Porsche Certified,5714,2018,Porsche,911,Carrera,S,,Red,Automatic,,
64,Used,5709,2014,Porsche,911,Carrera,S,,Red,Automatic,,
65,Used,2300,2019,Porsche,911,Turbo,,,Red,Automatic,,
66,Used,26821,2017,Porsche,911,Carrera,,,Red,Automatic,,
67,Used,9600,2016,Porsche,911,Carrera,GTS,,Red,Automatic,,
68,Used,35020,2015,Porsche,911,Carrera,S,,Red,Automatic,,
69,Used,5200,2017,Porsche,911,Targa,4S,,Red,Automatic,,
70,Porsche Certified,2129,2019,Porsche,911,Turbo,,,Red,Automatic,,
71,Used,1513,2018,Porsche,911,GT2,RS,,Red,Automatic,,
72,Porsche Certified,2862,2018,Porsche,911,Turbo,S,,Red,Automatic,,
73,Used,50678,2009,Porsche,911,Carrera,4S,,Red,Automatic,,
74,Used,19482,2011,Porsche,911,Carrera,GTS,,Red,Automatic,,
75,Used,6412,2017,Porsche,911,Carrera,S,,Red,Automatic,,
76,Used,1585,2019,Porsche,911,Turbo,S,,Red,Automatic,,
77,Used,41502,2016,Porsche,911,Turbo,,,Red,Automatic,,
78,Porsche Certified,15232,2018,Porsche,911,Carrera,GTS,,Red,Automatic,,
79,Porsche Certified,22312,2017,Porsche,911,Carrera,4S,,Red,Automatic,,
80,Used,12500,2015,Porsche,911,GT3,,,Red,Automatic,,
81,Used,18569,2014,Porsche,911,GT3,,,Red,Automatic,,
82,Used,1115,2017,Porsche,911,Carrera,GTS,,Red,Automatic,,
83,Used,14611,2016,Porsche,911,Carrera,GTS,,Red,Automatic,,
84,Porsche Certified,10318,2014,Porsche,911,GT3,,,Red,Automatic,,
85,Used,5115,2019,Porsche,911,Carrera,S,,Red,Automatic,,
86,Porsche Certified,17066,2015,Porsche,911,Carrera,GTS,,Red,Automatic,,
87,Used,4799,2017,Porsche,911,Targa,4S,,Red,Automatic,,
88,Used,1016,2019,Porsche,911,Turbo,,,Red,Automatic,,
89,Used,7312,2017,Porsche,911,Turbo,,,Red,Automatic,,
90,Used,50078,2017,Porsche,911,Carrera,S,,Red,Automatic,,
91,Used,7301,2018,Porsche,911,Carrera,S,,Red,Automatic,,
92,Used,13444,2015,Porsche,911,GT3,,,Red,Automatic,,
93,Used,11453,2018,Porsche,911,Carrera,GTS,,Red,Automatic,,
94,Porsche Certified,3829,2019,Porsche,911,Carrera,,,Red,Automatic,,
95,Used,42772,2012,Porsche,911,Carrera,S,,Red,Automatic,,
96,Used,18702,2012,Porsche,911,,,,Red,Automatic,,
97,Used,61784,2008,Porsche,911,Carrera,S,Cabriolet,Red,Automatic,,
0,Used,15541,2015,Porsche,911,Carrera,,,Other,Automatic,,
1,Used,28724,2015,Porsche,911,Carrera,,,Other,Automatic,,
2,Used,27275,2015,Porsche,911,Targa,4S,,Other,Automatic,,
3,Used,27268,2015,Porsche,911,Carrera,4,,Other,Automatic,,
4,Used,37201,2009,Porsche,911,Targa,4S,,Other,Automatic,,
5,Used,45687,2014,Porsche,911,Carrera,,,Other,Automatic,,
6,Used,29996,2016,Porsche,911,Targa,4S,,Other,Automatic,,
7,Used,3044,2014,Porsche,911,Turbo,S,,Other,Automatic,,
8,Used,41148,2014,Porsche,911,Carrera,,,Other,Automatic,,
9,Used,12317,2015,Porsche,911,GT3,,,Other,Automatic,,
10,Used,5190,2016,Porsche,911,GT3,RS,,Other,Automatic,,
11,Used,25799,2014,Porsche,911,Carrera,S,,Other,Automatic,,
12,Used,75658,2012,Porsche,911,Carrera,S,,Other,Automatic,,
13,Used,36525,2008,Porsche,911,Turbo,Cabriolet,,Other,Automatic,,
14,Used,1336,2019,Porsche,911,GT3,RS,,Other,Automatic,,
15,Used,28822,2014,Porsche,911,Carrera,4S,,Other,Automatic,,
16,Used,17867,2016,Porsche,911,Turbo,S,,Other,Automatic,,
17,Used,12126,2016,Porsche,911,GT3,RS,,Other,Automatic,,
18,Used,17157,2014,Porsche,911,Carrera,S,,Other,Automatic,,
19,Used,36012,2015,Porsche,911,Turbo,S,,Other,Automatic,,
20,Used,3155,2019,Porsche,911,Turbo,,,Other,Automatic,,
21,Used,15000,2015,Porsche,911,Carrera,4S,,Other,Automatic,,
22,Used,10727,2017,Porsche,911,Carrera,GTS,,Other,Automatic,,
23,Used,3373,2019,Porsche,911,GT2,RS,,Other,Automatic,,
24,Used,60,2018,Porsche,911,GT2,RS,,Other,Automatic,,
25,Used,63188,2015,Porsche,911,Carrera,S,,Other,Automatic,,
26,Used,739,2016,Porsche,911,GT3,RS,,Other,Automatic,,
27,Used,164,2018,Porsche,911,GT2,RS,,Other,Automatic,,
28,Used,28989,2015,Porsche,911,Turbo,S,,Other,Automatic,,
29,Used,2855,2019,Porsche,911,GT3,RS,,Other,Automatic,,
30,Porsche Certified,6030,2018,Porsche,911,GT2,RS,,Other,Automatic,,
31,Used,16271,2015,Porsche,911,Carrera,S,,Other,Automatic,,
32,Used,7059,2015,Porsche,911,Turbo,,,Other,Automatic,,
33,Used,5525,2016,Porsche,911,Turbo,,,Other,Automatic,,
34,Used,6672,2018,Porsche,911,Carrera,,,Other,Automatic,,
35,Used,17647,2017,Porsche,911,Turbo,,,Other,Automatic,,
36,Porsche Certified,10627,2016,Porsche,911,Turbo,S,,Other,Automatic,,
37,Used,1128,2016,Porsche,911,GT3,RS,,Other,Automatic,,
38,Used,775,2018,Porsche,911,GT2,RS,,Other,Automatic,,
39,Used,4389,2019,Porsche,911,GT3,,,Other,Automatic,,
40,Used,13168,2015,Porsche,911,GT3,,,Other,Automatic,,
41,Used,7100,2014,Porsche,911,GT3,,,Other,Automatic,,
42,Porsche Certified,5043,2019,Porsche,911,Carrera,S,,Other,Automatic,,
43,Used,11600,2016,Porsche,911,Targa,4S,,Other,Automatic,,
44,Used,7492,2015,Porsche,911,GT3,,,Other,Automatic,,
45,Used,3892,2017,Porsche,911,Carrera,4S,,Other,Automatic,,
46,Used,8144,2017,Porsche,911,Turbo,S,,Other,Automatic,,
47,Used,3288,2018,Porsche,911,Carrera,S,,Other,Automatic,,
48,Used,3618,2016,Porsche,911,GT3,RS,,Other,Automatic,,
49,Porsche Certified,12172,2019,Porsche,911,Targa,4,GTS,Other,Automatic,,
50,Used,3544,2019,Porsche,911,Carrera,S,,Other,Automatic,,
51,Used,10080,2018,Porsche,911,Carrera,4S,,Other,Automatic,,
52,Used,1071,2019,Porsche,911,GT3,RS,,Other,Automatic,,
53,Used,18257,2016,Porsche,911,Carrera,S,,Other,Automatic,,
54,Used,2908,2018,Porsche,911,GT3,,,Other,Automatic,,
55,Used,6980,2015,Porsche,911,Carrera,GTS,,Other,Automatic,,
56,Porsche Certified,1522,2018,Porsche,911,GT2,RS,,Other,Automatic,,
57,Used,2400,2016,Porsche,911,GT3,RS,,Other,Automatic,,
58,Used,11750,2018,Porsche,911,Turbo,S,,Other,Automatic,,
59,Porsche Certified,3469,2018,Porsche,911,Targa,4S,,Other,Automatic,,
60,Used,630,2018,Porsche,911,GT2,RS,,Other,Automatic,,
61,Used,282,2018,Porsche,911,GT2,RS,,Other,Automatic,,
62,Used,4356,2018,Porsche,911,GT3,,,Other,Automatic,,
63,Porsche Certified,858,2019,Porsche,911,GT2,RS,,Other,Automatic,,
0,Porsche Certified,20315,2018,Porsche,911,Turbo,S,,Gray/Silver,Automatic,,
1,Used,19600,2018,Porsche,911,Carrera,S,,Gray/Silver,Automatic,,
2,Used,34868,2017,Porsche,911,FACTORY,WHEEL,UPGRADE,Gray/Silver,Automatic,PACKAGE,
3,Porsche Certified,8497,2019,Porsche,911,Carrera,4S,,Gray/Silver,Automatic,,
4,Used,5486,2017,Porsche,911,Carrera,S,,Gray/Silver,Automatic,,
5,Used,10450,2014,Porsche,911,Carrera,4S,,Gray/Silver,Automatic,,
6,Used,18000,2015,Porsche,911,Turbo,S,,Gray/Silver,Automatic,,
7,Porsche Certified,8229,2018,Porsche,911,Turbo,,,Gray/Silver,Automatic,,
8,Used,17328,2015,Porsche,911,Turbo,S,,Gray/Silver,Automatic,,
9,Used,23550,2015,Porsche,911,Turbo,S,,Gray/Silver,Automatic,,
10,Used,19166,2016,Porsche,911,Turbo,S,,Gray/Silver,Automatic,,
11,Porsche Certified,28837,2017,Porsche,911,Targa,4S,,Gray/Silver,Automatic,,
12,Used,19432,2017,Porsche,911,PACKAGE,PLUS,,Gray/Silver,Automatic,,
13,Used,21404,2014,Porsche,911,Turbo,S,,Gray/Silver,Automatic,,
14,Used,6086,2018,Porsche,911,GT3,,,Gray/Silver,Automatic,,
15,Porsche Certified,10521,2015,Porsche,911,Turbo,S,,Gray/Silver,Automatic,,
16,Porsche Certified,31830,2017,Porsche,911,Carrera,S,,Gray/Silver,Automatic,,
17,Porsche Certified,693,2019,Porsche,911,Turbo,S,,Gray/Silver,Automatic,,
18,Used,2532,2018,Porsche,911,Carrera,4S,,Gray/Silver,Automatic,,
19,Used,539,2019,Porsche,911,GT3,RS,,Gray/Silver,Automatic,,
20,Porsche Certified,34346,2015,Porsche,911,Turbo,,,Gray/Silver,Automatic,,
21,Porsche Certified,40729,2017,Porsche,911,Carrera,S,,Gray/Silver,Automatic,,
22,Used,2194,2019,Porsche,911,Turbo,S,,Gray/Silver,Automatic,,
23,Porsche Certified,19000,2017,Porsche,911,Turbo,S,,Gray/Silver,Automatic,,
24,Used,47832,2018,Porsche,911,Carrera,,,Gray/Silver,Automatic,,
25,Used,6579,2018,Porsche,911,GT3,,,Gray/Silver,Automatic,,
26,Used,21561,2015,Porsche,911,Turbo,S,,Gray/Silver,Automatic,,
27,Used,26718,2010,Porsche,911,Carrera,S,,Gray/Silver,Automatic,,
28,Used,4212,2019,Porsche,911,Carrera,S,,Gray/Silver,Automatic,,
29,Porsche Certified,28835,2017,Porsche,911,Carrera,4,,Gray/Silver,Automatic,,
30,Used,6170,2019,Porsche,911,Turbo,S,,Gray/Silver,Automatic,,
31,Used,1849,2018,Porsche,911,Turbo,S,,Gray/Silver,Automatic,,
32,Porsche Certified,7101,2017,Porsche,911,Turbo,S,,Gray/Silver,Automatic,,
33,Used,4190,2018,Porsche,911,Carrera,,,Gray/Silver,Automatic,,
34,Used,9156,2015,Porsche,911,Carrera,S,,Gray/Silver,Automatic,,
35,Used,9956,2018,Porsche,911,Carrera,S,,Gray/Silver,Automatic,,
36,Used,131,2019,Porsche,911,Carrera,4S,,Gray/Silver,Automatic,,
37,Porsche Certified,20882,2017,Porsche,911,Turbo,S,,Gray/Silver,Automatic,,
38,Used,21060,2017,Porsche,911,Turbo,S,,Gray/Silver,Automatic,,
39,Used,1914,2017,Porsche,911,,,,Gray/Silver,Automatic,,
40,Used,4088,2019,Porsche,911,GT3,RS,,Gray/Silver,Automatic,,
41,Used,18548,2017,Porsche,911,Carrera,S,,Gray/Silver,Automatic,,
42,Used,39265,2016,Porsche,911,Turbo,S,,Gray/Silver,Automatic,,
43,Used,8,2019,Porsche,911,Turbo,S,,Gray/Silver,Automatic,,
44,Porsche Certified,676,2018,Porsche,911,GT2,RS,,Gray/Silver,Automatic,,
45,Used,162,2019,Porsche,911,Turbo,,,Gray/Silver,Automatic,,
46,Porsche Certified,3142,2019,Porsche,911,Turbo,S,,Gray/Silver,Automatic,,
47,Used,3565,2016,Porsche,911,Turbo,S,,Gray/Silver,Automatic,,
48,Used,1952,2018,Porsche,911,Turbo,S,,Gray/Silver,Automatic,,
49,Used,17916,2015,Porsche,911,Turbo,,,Gray/Silver,Automatic,,
50,Used,3409,2018,Porsche,911,Turbo,S,,Gray/Silver,Automatic,,
51,Porsche Certified,3741,2017,Porsche,911,Carrera,S,,Gray/Silver,Automatic,,
52,Porsche Certified,22888,2016,Porsche,911,Turbo,,,Gray/Silver,Automatic,,
53,Used,11,2019,Porsche,911,GT3,RS,,Gray/Silver,Automatic,,
54,Used,1348,2018,Porsche,911,GT2,RS,,Gray/Silver,Automatic,,
55,Used,4214,2018,Porsche,911,Turbo,S,,Gray/Silver,Automatic,,
56,Used,19130,2015,Porsche,911,Targa,4S,,Gray/Silver,Automatic,,
57,Used,4250,2017,Porsche,911,Carrera,,,Gray/Silver,Automatic,,
58,Used,33081,2014,Porsche,911,GT3,,,Gray/Silver,Automatic,,
59,Used,2315,2019,Porsche,911,Turbo,S,,Gray/Silver,Automatic,,
60,Used,3187,2019,Porsche,911,GT3,RS,,Gray/Silver,Automatic,,
61,Used,3897,2019,Porsche,911,Targa,4S,,Gray/Silver,Automatic,,
62,Used,13206,2017,Porsche,911,Turbo,,,Gray/Silver,Automatic,,
63,Used,455,2019,Porsche,911,Turbo,S,,Gray/Silver,Automatic,,
64,Used,4295,2018,Porsche,911,Turbo,S,,Gray/Silver,Automatic,,
65,Used,6497,2018,Porsche,911,Turbo,S,,Gray/Silver,Automatic,,
66,Porsche Certified,42,2018,Porsche,911,GT2,RS,,Gray/Silver,Automatic,,
67,Used,8627,2019,Porsche,911,Carrera,,,Gray/Silver,Automatic,,
68,Porsche Certified,22252,2017,Porsche,911,Carrera,,,Gray/Silver,Automatic,,
69,Porsche Certified,9192,2016,Porsche,911,GT3,RS,,Gray/Silver,Automatic,,
70,Used,20160,2016,Porsche,911,Turbo,,,Gray/Silver,Automatic,,
71,Used,44214,2017,Porsche,911,Turbo,,,Gray/Silver,Automatic,,
72,Used,19996,2017,Porsche,911,Carrera,,,Gray/Silver,Automatic,,
73,Used,100,2019,Porsche,911,GT3,RS,,Gray/Silver,Automatic,,
74,Used,2650,2018,Porsche,911,GT3,,,Gray/Silver,Automatic,,
75,Used,3361,2019,Porsche,911,Turbo,,,Gray/Silver,Automatic,,
76,Porsche Certified,4975,2019,Porsche,911,Carrera,S,,Gray/Silver,Automatic,,
77,Used,17961,2017,Porsche,911,Turbo,,,Gray/Silver,Automatic,,
78,Porsche Certified,7096,2018,Porsche,911,Turbo,,,Gray/Silver,Automatic,,
79,Used,10700,2018,Porsche,911,Carrera,GTS,,Gray/Silver,Automatic,,
80,Used,26311,2017,Porsche,911,Carrera,,,Gray/Silver,Automatic,,
81,Used,23569,2015,Porsche,911,Turbo,,,Gray/Silver,Automatic,,
82,Porsche Certified,8601,2019,Porsche,911,Carrera,4S,,Gray/Silver,Automatic,,
83,Used,8193,2014,Porsche,911,50th,Anniversary,Edition,Gray/Silver,Automatic,,
84,Used,75000,2009,Porsche,911,Turbo,,,Gray/Silver,Automatic,,
85,Used,15094,2017,Porsche,911,Turbo,S,,Gray/Silver,Automatic,,
86,Used,21880,2018,Porsche,911,Turbo,,,Gray/Silver,Automatic,,
87,Used,50200,2009,Porsche,911,Carrera,,,Gray/Silver,Automatic,,
88,Used,14620,2015,Porsche,911,Carrera,4,,Gray/Silver,Automatic,,
89,Porsche Certified,5669,2017,Porsche,911,Turbo,S,,Gray/Silver,Automatic,,
90,Used,267,2018,Porsche,911,GT2,RS,,Gray/Silver,Automatic,,
91,Used,24125,2014,Porsche,911,Carrera,S,,Gray/Silver,Automatic,,
92,Used,36372,2013,Porsche,911,Carrera,,,Gray/Silver,Automatic,,
93,Used,1920,2019,Porsche,911,GT3,RS,,Gray/Silver,Automatic,,
94,Used,16016,2012,Porsche,911,Carrera,S,,Gray/Silver,Automatic,,
95,Used,20266,2011,Porsche,911,Turbo,S,,Gray/Silver,Automatic,,
96,Used,2771,2019,Porsche,911,Turbo,S,,Gray/Silver,Automatic,,
97,Porsche Certified,21082,2017,Porsche,911,Carrera,,,Gray/Silver,Automatic,,
98,Used,14196,2016,Porsche,911,Turbo,S,,Gray/Silver,Automatic,,
99,Used,28,2018,Porsche,911,GT2,RS,,Gray/Silver,Automatic,,
0,Used,4068,2019,Porsche,911,Carrera,GTS,,Gray/Silver,Automatic,,
1,Porsche Certified,34899,2017,Porsche,911,Turbo,,,Gray/Silver,Automatic,,
2,Used,38462,2007,Porsche,911,Turbo,,,Gray/Silver,Automatic,,
3,Used,785,2018,Porsche,911,GT2,RS,,Gray/Silver,Automatic,,
4,Used,18375,2009,Porsche,911,Turbo,,,Gray/Silver,Automatic,,
5,Used,19166,2016,Porsche,911,Turbo,S,,Gray/Silver,Automatic,,
6,Porsche Certified,16938,2016,Porsche,911,Turbo,,,Gray/Silver,Automatic,,
7,Used,7791,2017,Porsche,911,Carrera,4S,,Gray/Silver,Automatic,,
8,Used,417,2018,Porsche,911,GT2,RS,,Gray/Silver,Automatic,,
9,Used,23529,2017,Porsche,911,Carrera,4S,,Gray/Silver,Automatic,,
10,Used,13422,2014,Porsche,911,GT3,,,Gray/Silver,Automatic,,
11,Used,36803,2015,Porsche,911,Carrera,S,,Gray/Silver,Automatic,,
12,Used,104,2019,Porsche,911,Turbo,,,Gray/Silver,Automatic,,
13,Used,16048,2014,Porsche,911,Carrera,S,,Gray/Silver,Automatic,,
14,Used,48818,2012,Porsche,911,Carrera,S,,Gray/Silver,Automatic,,
15,Porsche Certified,19542,2016,Porsche,911,Turbo,S,,Gray/Silver,Automatic,,
16,Used,13697,2014,Porsche,911,50th,Anniversary,Edition,Gray/Silver,Automatic,,
17,Used,17574,2017,Porsche,911,Targa,4,,Gray/Silver,Automatic,,
18,Used,47474,2010,Porsche,911,Carrera,S,,Gray/Silver,Automatic,,
19,Used,34788,2014,Porsche,911,Turbo,,,Gray/Silver,Automatic,,
20,Used,84011,2007,Porsche,911,Carrera,Cabriolet,,Gray/Silver,Automatic,,
21,Used,3393,2018,Porsche,911,GT2,RS,,Gray/Silver,Automatic,,
22,Used,17841,2015,Porsche,911,Carrera,S,,Gray/Silver,Automatic,,
23,Porsche Certified,17825,2017,Porsche,911,Carrera,S,,Gray/Silver,Automatic,,
24,Used,1475,2019,Porsche,911,Targa,4S,,Gray/Silver,Automatic,,
25,Used,21254,2014,Porsche,911,Carrera,4S,,Gray/Silver,Automatic,,
26,Used,16768,2014,Porsche,911,Turbo,,,Gray/Silver,Automatic,,
27,Used,4881,2018,Porsche,911,Turbo,,,Gray/Silver,Automatic,,
28,Used,101435,2009,Porsche,911,Carrera,S,Cabriolet,Gray/Silver,Automatic,,
29,Used,27492,2015,Porsche,911,Carrera,,,Gray/Silver,Automatic,,
30,Used,8154,2015,Porsche,911,Carrera,4,,Gray/Silver,Automatic,,
31,Used,14225,2017,Porsche,911,Targa,4S,,Gray/Silver,Automatic,,
32,Used,43338,2017,Porsche,911,Carrera,,,Gray/Silver,Automatic,,
33,Used,22122,2013,Porsche,911,Turbo,,,Gray/Silver,Automatic,,
34,Used,6959,2014,Porsche,911,Turbo,S,,Gray/Silver,Automatic,,
35,Used,8902,2015,Porsche,911,Turbo,,,Gray/Silver,Automatic,,
36,Porsche Certified,21625,2017,Porsche,911,Carrera,,,Gray/Silver,Automatic,,
37,Used,14653,2017,Porsche,911,Carrera,4S,,Gray/Silver,Automatic,,
38,Used,26575,2018,Porsche,911,Targa,4S,,Gray/Silver,Automatic,,
39,Used,46691,2014,Porsche,911,Carrera,,,Gray/Silver,Automatic,,
40,Porsche Certified,21650,2017,Porsche,911,Carrera,,,Gray/Silver,Automatic,,
41,Used,61,2019,Porsche,911,GT3,RS,,Gray/Silver,Automatic,,
42,Used,32444,2017,Porsche,911,Carrera,4S,,Gray/Silver,Automatic,,
43,Porsche Certified,989,2018,Porsche,911,GT2,RS,,Gray/Silver,Automatic,,
44,Used,4786,2017,Porsche,911,Carrera,4S,,Gray/Silver,Automatic,,
45,Used,9244,2017,Porsche,911,Targa,4S,,Gray/Silver,Automatic,,
46,Used,19124,2014,Porsche,911,,,,Gray/Silver,Automatic,,
47,Porsche Certified,4613,2018,Porsche,911,Turbo,,,Gray/Silver,Automatic,,
48,Used,6976,2017,Porsche,911,,,,Gray/Silver,Automatic,,
49,Used,5768,2018,Porsche,911,GT3,,,Gray/Silver,Automatic,,
50,Used,177,2019,Porsche,911,GT2,RS,,Gray/Silver,Automatic,,
51,Porsche Certified,22149,2017,Porsche,911,Carrera,4S,,Gray/Silver,Automatic,,
52,Porsche Certified,18836,2017,Porsche,911,Turbo,,,Gray/Silver,Automatic,,
53,Porsche Certified,9526,2017,Porsche,911,Carrera,,,Gray/Silver,Automatic,,
54,Used,1907,2019,Porsche,911,Carrera,4,GTS,Gray/Silver,Automatic,,
55,Porsche Certified,49867,2008,Porsche,911,Carrera,S,Cabriolet,Gray/Silver,Automatic,,
56,Used,19146,2016,Porsche,911,Turbo,S,,Gray/Silver,Automatic,,
57,Porsche Certified,36450,2014,Porsche,911,Turbo,S,,Gray/Silver,Automatic,,
58,Used,5667,2017,Porsche,911,Targa,4,,Gray/Silver,Automatic,,
59,Used,9463,2007,Porsche,911,Turbo,,,Gray/Silver,Automatic,,
60,Used,49191,2010,Porsche,911,Carrera,,,Gray/Silver,Automatic,,
61,Porsche Certified,4580,2017,Porsche,911,Carrera,4S,,Gray/Silver,Automatic,,
62,Used,12119,2016,Porsche,911,Turbo,S,,Gray/Silver,Automatic,,
63,Porsche Certified,22877,2017,Porsche,911,PACKAGE,PLUS,,Gray/Silver,Automatic,,
64,Used,1730,2019,Porsche,911,GT3,RS,,Gray/Silver,Automatic,,
65,Used,1159,2017,Porsche,911,Carrera,S,,Gray/Silver,Automatic,,
66,Used,22053,2011,Porsche,911,Carrera,GTS,,Gray/Silver,Automatic,,
67,Porsche Certified,15084,2017,Porsche,911,Carrera,,,Gray/Silver,Automatic,,
68,Used,21056,2015,Porsche,911,Carrera,S,,Gray/Silver,Automatic,,
69,Used,18919,2013,Porsche,911,Carrera,S,,Gray/Silver,Automatic,,
70,Used,4149,2019,Porsche,911,Carrera,4S,,Gray/Silver,Automatic,,
71,Porsche Certified,12864,2016,Porsche,911,Turbo,S,,Gray/Silver,Automatic,,
72,Used,40675,2009,Porsche,911,Carrera,S,,Gray/Silver,Automatic,,
73,Used,5219,2017,Porsche,911,Carrera,4,,Gray/Silver,Automatic,,
74,Used,24779,2017,Porsche,911,Targa,4S,,Gray/Silver,Automatic,,
75,Used,29994,2015,Porsche,911,GT3,,,Gray/Silver,Automatic,,
76,Used,18160,2017,Porsche,911,Carrera,,,Gray/Silver,Automatic,,
77,Used,34051,2013,Porsche,911,Carrera,S,,Gray/Silver,Automatic,,
78,Used,3271,2018,Porsche,911,Turbo,,,Gray/Silver,Automatic,,
79,Used,9781,2017,Porsche,911,Turbo,S,,Gray/Silver,Automatic,,
80,Used,4845,2015,Porsche,911,GT3,,,Gray/Silver,Automatic,,
81,Used,1085,2018,Porsche,911,Turbo,,,Gray/Silver,Automatic,,
82,Used,21000,2015,Porsche,911,Carrera,4S,,Gray/Silver,Automatic,,
83,Used,19753,2017,Porsche,911,Carrera,S,,Gray/Silver,Automatic,,
84,Porsche Certified,1739,2019,Porsche,911,Turbo,S,,Gray/Silver,Automatic,,
85,Used,103,2019,Porsche,911,GT3,RS,,Gray/Silver,Automatic,,
86,Used,12804,2017,Porsche,911,,,,Gray/Silver,Automatic,,
87,Porsche Certified,18502,2018,Porsche,911,Carrera,,,Gray/Silver,Automatic,,
88,Used,15163,2015,Porsche,911,Turbo,,,Gray/Silver,Automatic,,
89,Used,32314,2012,Porsche,911,Carrera,S,,Gray/Silver,Automatic,,
90,Porsche Certified,4881,2018,Porsche,911,GT2,RS,,Gray/Silver,Automatic,,
91,Used,29099,2016,Porsche,911,Turbo,S,,Gray/Silver,Automatic,,
92,Used,2770,2019,Porsche,911,Carrera,4S,,Gray/Silver,Automatic,,
93,Used,12236,2015,Porsche,911,Turbo,S,,Gray/Silver,Automatic,,
94,Porsche Certified,9039,2019,Porsche,911,Turbo,,,Gray/Silver,Automatic,,
95,Used,6359,2015,Porsche,911,Turbo,S,,Gray/Silver,Automatic,,
96,Used,367,2019,Porsche,911,Carrera,T,,Gray/Silver,Automatic,,
97,Used,57866,2012,Porsche,911,Carrera,S,,Gray/Silver,Automatic,,
98,Used,15095,2016,Porsche,911,Turbo,S,,Gray/Silver,Automatic,,
99,Used,5609,2017,Porsche,911,Turbo,,,Gray/Silver,Automatic,,
0,Used,14374,2018,Porsche,911,Carrera,,,Gray/Silver,Automatic,,
1,Porsche Certified,35959,2013,Porsche,911,Carrera,,,Gray/Silver,Automatic,,
2,Used,1278,2018,Porsche,911,GT2,RS,,Gray/Silver,Automatic,,
3,Used,46857,2014,Porsche,911,Carrera,S,,Gray/Silver,Automatic,,
4,Used,35103,2018,Porsche,911,Carrera,,,Gray/Silver,Automatic,,
5,Porsche Certified,5609,2017,Porsche,911,Turbo,,,Gray/Silver,Automatic,,
6,Used,23811,2012,Porsche,911,Carrera,4S,,Gray/Silver,Automatic,,
7,Used,6600,2007,Porsche,911,Turbo,,,Gray/Silver,Automatic,,
8,Used,41594,2007,Porsche,911,Carrera,S,,Gray/Silver,Automatic,,
9,Used,34154,2014,Porsche,911,Carrera,S,,Gray/Silver,Automatic,,
10,Used,31698,2012,Porsche,911,Carrera,4S,,Gray/Silver,Automatic,,
11,Used,34530,2017,Porsche,911,Turbo,,,Gray/Silver,Automatic,,
12,Used,36330,2015,Porsche,911,Targa,4,,Gray/Silver,Automatic,,
13,Used,84438,2007,Porsche,911,Turbo,,,Gray/Silver,Automatic,,
14,Used,39829,2015,Porsche,911,Carrera,S,,Gray/Silver,Automatic,,
15,Used,88111,2007,Porsche,911,Carrera,S,,Gray/Silver,Automatic,,
16,Used,94249,2013,Porsche,911,Carrera,S,,Gray/Silver,Automatic,,
17,Used,50712,2008,Porsche,911,Carrera,,,Gray/Silver,Automatic,,
18,Used,64056,2012,Porsche,911,Carrera,4S,,Gray/Silver,Automatic,,
19,Used,12021,2015,Porsche,911,Turbo,,,Gray/Silver,Automatic,,
20,Used,28342,2016,Porsche,911,Carrera,S,,Gray/Silver,Automatic,,
21,Porsche Certified,13864,2017,Porsche,911,Turbo,S,,Gray/Silver,Automatic,,
22,Used,53744,2009,Porsche,911,Carrera,S,,Gray/Silver,Automatic,,
23,Used,56350,2009,Porsche,911,Carrera,4S,,Gray/Silver,Automatic,,
24,Used,9000,2017,Porsche,911,Carrera,,,Gray/Silver,Automatic,,
25,Used,14268,2015,Porsche,911,Turbo,S,,Gray/Silver,Automatic,,
26,Used,8580,2016,Porsche,911,Carrera,GTS,,Gray/Silver,Automatic,,
27,Used,41618,2013,Porsche,911,Carrera,,,Gray/Silver,Automatic,,
28,Used,27831,2011,Porsche,911,Carrera,4S,,Gray/Silver,Automatic,,
29,Porsche Certified,36468,2011,Porsche,911,Carrera,,,Gray/Silver,Automatic,,
30,Porsche Certified,10959,2017,Porsche,911,Carrera,S,,Gray/Silver,Automatic,,
31,Used,16849,2017,Porsche,911,Carrera,S,,Gray/Silver,Automatic,,
32,Porsche Certified,1729,2016,Porsche,911,GT3,RS,,Gray/Silver,Automatic,,
33,Used,78910,2008,Porsche,911,Carrera,,,Gray/Silver,Automatic,,
34,Used,67525,2014,Porsche,911,Carrera,4S,,Gray/Silver,Automatic,,
35,Used,15737,2008,Porsche,911,Turbo,Cabriolet,,Gray/Silver,Automatic,,
36,Used,76275,2007,Porsche,911,Carrera,Cabriolet,,Gray/Silver,Automatic,,
37,Used,21059,2015,Porsche,911,GT3,,,Gray/Silver,Automatic,,
38,Used,44717,2014,Porsche,911,Carrera,,,Gray/Silver,Automatic,,
39,Used,22530,2015,Porsche,911,GT3,,,Gray/Silver,Automatic,,
40,Used,24167,2013,Porsche,911,Carrera,4S,,Gray/Silver,Automatic,,
41,Used,27018,2012,Porsche,911,Carrera,S,,Gray/Silver,Automatic,,
42,Used,79719,2008,Porsche,911,Turbo,Cabriolet,,Gray/Silver,Automatic,,
43,Used,14421,2016,Porsche,911,GT3,,,Gray/Silver,Automatic,,
44,Used,51350,2007,Porsche,911,Carrera,S,Cabriolet,Gray/Silver,Automatic,,
45,Used,28772,2008,Porsche,911,Turbo,Cabriolet,,Gray/Silver,Automatic,,
46,Used,38879,2009,Porsche,911,Carrera,4,Cabriolet,Gray/Silver,Automatic,,
47,Used,24779,2013,Porsche,911,Carrera,S,,Gray/Silver,Automatic,,
48,Used,28384,2007,Porsche,911,Turbo,,,Gray/Silver,Automatic,,
49,Used,12161,2010,Porsche,911,Carrera,S,,Gray/Silver,Automatic,,
50,Used,39994,2010,Porsche,911,Carrera,S,,Gray/Silver,Automatic,,
51,Porsche Certified,14395,2017,Porsche,911,Carrera,,,Gray/Silver,Automatic,,
52,Porsche Certified,8972,2019,Porsche,911,Targa,4S,,Gray/Silver,Automatic,,
53,Used,4897,2018,Porsche,911,GT3,,,Gray/Silver,Automatic,,
54,Used,20251,2014,Porsche,911,Carrera,4S,,Gray/Silver,Automatic,,
55,Used,130000,2013,Porsche,911,Carrera,,,Gray/Silver,Automatic,,
56,Used,29476,2012,Porsche,911,Carrera,S,,Gray/Silver,Automatic,,
57,Used,53605,2013,Porsche,911,Carrera,,,Gray/Silver,Automatic,,
58,Used,4417,2019,Porsche,911,Turbo,,,Gray/Silver,Automatic,,
59,Used,33717,2014,Porsche,911,Carrera,,,Gray/Silver,Automatic,,
60,Used,5325,2015,Porsche,911,Targa,4S,,Gray/Silver,Automatic,,
61,Porsche Certified,21710,2017,Porsche,911,FACTORY,WHEEL,UPGRADE,Gray/Silver,Automatic,PACKAGE,PLUS
62,Used,26874,2014,Porsche,911,GT3,,,Gray/Silver,Automatic,,
63,Used,10817,2011,Porsche,911,,,,Gray/Silver,Automatic,,
64,Porsche Certified,21047,2015,Porsche,911,Turbo,,,Gray/Silver,Automatic,,
65,Used,16823,2014,Porsche,911,Carrera,S,,Gray/Silver,Automatic,,
66,Used,12735,2017,Porsche,911,Carrera,4S,,Gray/Silver,Automatic,,
67,Used,18920,2014,Porsche,911,GT3,,,Gray/Silver,Automatic,,
68,Used,806,2018,Porsche,911,GT2,RS,,Gray/Silver,Automatic,,
69,Used,22149,2017,Porsche,911,Carrera,4S,,Gray/Silver,Automatic,,
70,Used,67968,2013,Porsche,911,Carrera,S,,Gray/Silver,Automatic,,
71,Used,23988,2015,Porsche,911,Turbo,S,,Gray/Silver,Automatic,,
72,Used,54138,2010,Porsche,911,Turbo,,,Gray/Silver,Automatic,,
73,Used,42926,2014,Porsche,911,GT3,,,Gray/Silver,Automatic,,
74,Used,10830,2014,Porsche,911,Turbo,S,,Gray/Silver,Automatic,,
75,Used,23622,2007,Porsche,911,Carrera,S,Cabriolet,Gray/Silver,Automatic,,
76,Used,28000,2013,Porsche,911,Carrera,S,,Gray/Silver,Automatic,,
77,Used,49568,2007,Porsche,911,Carrera,S,Cabriolet,Gray/Silver,Automatic,,
78,Used,86555,2013,Porsche,911,Carrera,,,Gray/Silver,Automatic,,
79,Used,13148,2017,Porsche,911,Carrera,,,Gray/Silver,Automatic,,
80,Porsche Certified,30846,2015,Porsche,911,Carrera,S,,Gray/Silver,Automatic,,
81,Used,28496,2009,Porsche,911,Carrera,S,,Gray/Silver,Automatic,,
82,Used,16016,2012,Porsche,911,Carrera,S,,Gray/Silver,Automatic,,
83,Used,21411,2015,Porsche,911,Turbo,S,,Gray/Silver,Automatic,,
84,Porsche Certified,33965,2017,Porsche,911,Carrera,4,,Gray/Silver,Automatic,,
85,Porsche Certified,14410,2014,Porsche,911,50th,Anniversary,Edition,Gray/Silver,Automatic,,
86,Used,47883,2009,Porsche,911,Carrera,4S,,Gray/Silver,Automatic,,
87,Used,17112,2015,Porsche,911,Turbo,,,Gray/Silver,Automatic,,
88,Porsche Certified,39154,2014,Porsche,911,Carrera,,,Gray/Silver,Automatic,,
89,Used,12504,2017,Porsche,911,Turbo,,,Gray/Silver,Automatic,,
90,Used,26324,2010,Porsche,911,Carrera,4S,Cabriolet,Gray/Silver,Automatic,,
91,Used,54579,2010,Porsche,911,Carrera,S,,Gray/Silver,Automatic,,
92,Used,63551,2009,Porsche,911,Carrera,4S,,Gray/Silver,Automatic,,
93,Used,46524,2013,Porsche,911,Carrera,S,,Gray/Silver,Automatic,,
94,Used,35959,2017,Porsche,911,Turbo,,,Gray/Silver,Automatic,,
95,Used,8894,2016,Porsche,911,GT3,,,Gray/Silver,Automatic,,
96,Used,49745,2016,Porsche,911,Carrera,,,Gray/Silver,Automatic,,
97,Used,30156,2016,Porsche,911,Carrera,S,,Gray/Silver,Automatic,,
98,Used,25,2019,Porsche,911,Carrera,4,GTS,Gray/Silver,Automatic,,
99,Used,28828,2016,Porsche,911,Carrera,4S,,Gray/Silver,Automatic,,
0,Used,28359,2017,Porsche,911,Carrera,4,,Blue,Automatic,,
1,Porsche Certified,9103,2018,Porsche,911,Carrera,GTS,,Blue,Automatic,,
2,Used,18433,2017,Porsche,911,Carrera,,,Blue,Automatic,,
3,Used,3918,2017,Porsche,911,Carrera,S,,Blue,Automatic,,
4,Used,5790,2018,Porsche,911,GT3,,,Blue,Automatic,,
5,Used,19949,2014,Porsche,911,Turbo,,,Blue,Automatic,,
6,Used,1500,2018,Porsche,911,GT3,,,Blue,Automatic,,
7,Used,685,2019,Porsche,911,Turbo,S,,Blue,Automatic,,
8,Used,19176,2018,Porsche,911,,,,Blue,Automatic,,
9,Used,9129,2018,Porsche,911,Turbo,S,,Blue,Automatic,,
10,Used,24553,2014,Porsche,911,GT3,,,Blue,Automatic,,
11,Porsche Certified,24821,2017,Porsche,911,Carrera,,,Blue,Automatic,,
12,Used,24955,2017,Porsche,911,Carrera,4S,,Blue,Automatic,,
13,Used,17557,2016,Porsche,911,Turbo,S,,Blue,Automatic,,
14,Used,620,2019,Porsche,911,GT3,RS,,Blue,Automatic,,
15,Porsche Certified,2792,2018,Porsche,911,Carrera,4S,,Blue,Automatic,,
16,Used,14014,2015,Porsche,911,Carrera,GTS,,Blue,Automatic,,
17,Porsche Certified,22596,2017,Porsche,911,Carrera,,,Blue,Automatic,,
18,Used,39168,2017,Porsche,911,4,GTS,,Blue,Automatic,,
19,Porsche Certified,11638,2019,Porsche,911,Carrera,S,,Blue,Automatic,,
20,Porsche Certified,3109,2017,Porsche,911,Carrera,S,,Blue,Automatic,,
21,Used,8167,2018,Porsche,911,Targa,4S,,Blue,Automatic,,
22,Used,680,2018,Porsche,911,GT2,RS,,Blue,Automatic,,
23,Used,14570,2018,Porsche,911,Carrera,,,Blue,Automatic,,
24,Used,31000,2017,Porsche,911,Carrera,,,Blue,Automatic,,
25,Used,10400,2012,Porsche,911,Turbo,S,,Blue,Automatic,,
26,Used,11628,2017,Porsche,911,,,,Blue,Automatic,,
27,Used,21681,2008,Porsche,911,Carrera,Cabriolet,,Blue,Automatic,,
28,Used,39770,2017,Porsche,911,Carrera,,,Blue,Automatic,,
29,Porsche Certified,23492,2017,Porsche,911,Carrera,,,Blue,Automatic,,
0,Used,71021,2015,Porsche,911,Carrera,,,Blue,Automatic,,
1,Used,33146,2015,Porsche,911,Carrera,,,Blue,Automatic,,
2,Used,14706,2017,Porsche,911,Carrera,S,,Blue,Automatic,,
3,Used,42146,2012,Porsche,911,Carrera,,,Blue,Automatic,,
4,Used,21678,2014,Porsche,911,Carrera,,,Blue,Automatic,,
5,Used,9942,2017,Porsche,911,Carrera,,,Blue,Automatic,,
6,Used,16577,2014,Porsche,911,Turbo,S,,Blue,Automatic,,
7,Used,27234,2016,Porsche,911,,,,Blue,Automatic,,
8,Used,22120,2018,Porsche,911,Carrera,,,Blue,Automatic,,
9,Used,29422,2017,Porsche,911,Carrera,4S,,Blue,Automatic,,
10,Used,21632,2012,Porsche,911,Carrera,S,,Blue,Automatic,,
11,Porsche Certified,6500,2016,Porsche,911,Carrera,S,,Blue,Automatic,,
12,Used,8085,2018,Porsche,911,Carrera,GTS,,Blue,Automatic,,
13,Used,40387,2017,Porsche,911,Carrera,,,Blue,Automatic,,
14,Used,8470,2017,Porsche,911,Carrera,4S,,Blue,Automatic,,
15,Used,36578,2013,Porsche,911,Carrera,,,Blue,Automatic,,
16,Used,33851,2014,Porsche,911,Carrera,,,Blue,Automatic,,
17,Used,2593,2019,Porsche,911,Carrera,GTS,,Blue,Automatic,,
18,Porsche Certified,7467,2018,Porsche,911,Carrera,S,,Blue,Automatic,,
19,Used,13261,2015,Porsche,911,GT3,,,Blue,Automatic,,
20,Used,11082,2013,Porsche,911,Carrera,4S,,Blue,Automatic,,
21,Porsche Certified,18318,2017,Porsche,911,Carrera,,,Blue,Automatic,,
22,Porsche Certified,13570,2015,Porsche,911,GT3,,,Blue,Automatic,,
23,Used,17980,2017,Porsche,911,Carrera,S,,Blue,Automatic,,
24,Used,5636,2015,Porsche,911,Turbo,S,,Blue,Automatic,,
25,Used,60456,2009,Porsche,911,Carrera,S,Cabriolet,Blue,Automatic,,
26,Used,26360,2017,Porsche,911,Carrera,,,Blue,Automatic,,
27,Used,9298,2015,Porsche,911,GT3,,,Blue,Automatic,,
28,Used,18240,2012,Porsche,911,Carrera,,,Blue,Automatic,,
29,Used,13111,2015,Porsche,911,Carrera,,,Blue,Automatic,,
30,Used,24000,2009,Porsche,911,Carrera,,,Blue,Automatic,,
31,Porsche Certified,317,2019,Porsche,911,Carrera,4S,,Blue,Automatic,,
32,Used,8227,2017,Porsche,911,Turbo,S,,Blue,Automatic,,
33,Used,23625,2016,Porsche,911,Carrera,GTS,,Blue,Automatic,,
34,Used,24187,2015,Porsche,911,Carrera,4S,,Blue,Automatic,,
35,Used,12470,2018,Porsche,911,Carrera,4S,,Blue,Automatic,,
36,Used,8547,2017,Porsche,911,Carrera,4S,,Blue,Automatic,,
37,Used,13368,2014,Porsche,911,Turbo,S,,Blue,Automatic,,
38,Used,34724,2009,Porsche,911,Turbo,Cabriolet,,Blue,Automatic,,
39,Used,17600,2017,Porsche,911,Carrera,S,,Blue,Automatic,,
40,Used,5284,2018,Porsche,911,GT3,,,Blue,Automatic,,
41,Used,48905,2012,Porsche,911,Turbo,,,Blue,Automatic,,
42,Used,58177,2007,Porsche,911,Carrera,S,Cabriolet,Blue,Automatic,,
43,Used,499,2019,Porsche,911,GT2,RS,,Blue,Automatic,,
44,Used,26789,2012,Porsche,911,Carrera,S,,Blue,Automatic,,
45,Used,20323,2018,Porsche,911,Carrera,,,Blue,Automatic,,
46,Porsche Certified,37081,2014,Porsche,911,Carrera,,,Blue,Automatic,,
47,Used,70865,2008,Porsche,911,Carrera,S,Cabriolet,Blue,Automatic,,
48,Porsche Certified,25712,2017,Porsche,911,,,,Blue,Automatic,,
49,Used,62890,2007,Porsche,911,Carrera,Cabriolet,,Blue,Automatic,,
50,Used,37505,2016,Porsche,911,Carrera,,,Blue,Automatic,,
51,Used,28955,2017,Porsche,911,Carrera,,,Blue,Automatic,,
52,Used,25200,2008,Porsche,911,Turbo,Cabriolet,,Blue,Automatic,,
53,Used,18378,2017,Porsche,911,Targa,4S,,Blue,Automatic,,
54,Porsche Certified,46006,2016,Porsche,911,Carrera,,,Blue,Automatic,,
55,Used,6817,2017,Porsche,911,Carrera,S,,Blue,Automatic,,
56,Used,8000,2015,Porsche,911,GT3,,,Blue,Automatic,,
57,Used,33092,2017,Porsche,911,Turbo,,,Blue,Automatic,,
58,Porsche Certified,9176,2017,Porsche,911,Carrera,4S,,Blue,Automatic,,
59,Used,680,2018,Porsche,911,GT2,RS,,Blue,Automatic,,
60,Porsche Certified,17377,2017,Porsche,911,Carrera,,,Blue,Automatic,,
61,Porsche Certified,3249,2019,Porsche,911,Carrera,T,,Blue,Automatic,,
62,Used,48000,2013,Porsche,911,Carrera,,,Blue,Automatic,,
63,Used,30695,2012,Porsche,911,Turbo,S,,Blue,Automatic,,
64,Used,30559,2017,Porsche,911,Carrera,4S,,Blue,Automatic,,
65,Used,7977,2019,Porsche,911,Carrera,,,Blue,Automatic,,
66,Used,2645,2018,Porsche,911,GT2,RS,,Blue,Automatic,,
67,Used,9143,2012,Porsche,911,Turbo,S,,Blue,Automatic,,
68,Used,5590,2017,Porsche,911,Turbo,S,,Blue,Automatic,,
69,Used,7981,2018,Porsche,911,Carrera,S,,Blue,Automatic,,
70,Used,12309,2007,Porsche,911,Turbo,,,Blue,Automatic,,
71,Used,28125,2018,Porsche,911,Carrera,,,Blue,Automatic,,
72,Used,4725,2019,Porsche,911,Turbo,S,,Blue,Automatic,,
73,Used,23025,2015,Porsche,911,GT3,,,Blue,Automatic,,
74,Porsche Certified,2242,2019,Porsche,911,GT3,,,Blue,Automatic,,
75,Used,45288,2015,Porsche,911,Carrera,S,,Blue,Automatic,,
76,Used,1083,2019,Porsche,911,Turbo,,,Blue,Automatic,,
77,Used,13960,2017,Porsche,911,Turbo,,,Blue,Automatic,,
78,Porsche Certified,14141,2015,Porsche,911,Turbo,S,,Blue,Automatic,,
79,Used,12600,2014,Porsche,911,Turbo,S,,Blue,Automatic,,
80,Porsche Certified,4997,2011,Porsche,911,,,,Blue,Automatic,,
81,Used,1635,2018,Porsche,911,GT2,RS,,Blue,Automatic,,
82,Used,38607,2017,Porsche,911,Carrera,,,Blue,Automatic,,
83,Used,4623,2018,Porsche,911,Carrera,4S,,Blue,Automatic,,
84,Porsche Certified,25001,2017,Porsche,911,,,,Blue,Automatic,,
85,Used,28962,2014,Porsche,911,Turbo,S,,Blue,Automatic,,
86,Used,3624,2019,Porsche,911,Carrera,GTS,,Blue,Automatic,,
87,Used,4251,2017,Porsche,911,Turbo,S,,Blue,Automatic,,
88,Porsche Certified,4810,2018,Porsche,911,Turbo,S,,Blue,Automatic,,
89,Used,9652,2015,Porsche,911,Carrera,,,Blue,Automatic,,
90,Porsche Certified,1874,2018,Porsche,911,GT2,RS,,Blue,Automatic,,
91,Used,6142,2015,Porsche,911,GT3,,,Blue,Automatic,,
92,Used,7166,2018,Porsche,911,Turbo,S,,Blue,Automatic,,
93,Used,23223,2017,Porsche,911,Turbo,,,Blue,Automatic,,
94,Used,1405,2019,Porsche,911,Turbo,,,Blue,Automatic,,
95,Used,32012,2015,Porsche,911,Targa,4,,Blue,Automatic,,
96,Used,10657,2017,Porsche,911,Carrera,4S,,Blue,Automatic,,
97,Used,13108,2015,Porsche,911,GT3,,,Blue,Automatic,,
98,Used,7642,2017,Porsche,911,Carrera,4S,,Blue,Automatic,,
99,Used,5778,2019,Porsche,911,Carrera,4S,,Blue,Automatic,,
0,Used,15430,2017,Porsche,911,Carrera,4,,Black,Automatic,,
1,Used,19922,2013,Porsche,911,Carrera,,,Black,Automatic,,
2,Used,2561,2019,Porsche,911,GT3,RS,,Black,Automatic,,
3,Used,22323,2018,Porsche,911,Carrera,,,Black,Automatic,,
4,Used,37541,2015,Porsche,911,Turbo,,,Black,Automatic,,
5,Used,56436,2012,Porsche,911,Carrera,S,,Black,Automatic,,
6,Used,34531,2016,Porsche,911,Carrera,Black,Edition,Black,Automatic,,
7,Used,11000,2015,Porsche,911,Turbo,S,,Black,Automatic,,
8,Used,7233,2018,Porsche,911,Carrera,4S,,Black,Automatic,,
9,Used,13552,2015,Porsche,911,Turbo,S,,Black,Automatic,,
10,Used,2183,2013,Porsche,911,Carrera,,,Black,Automatic,,
11,Used,47690,2011,Porsche,911,Carrera,GTS,,Black,Automatic,,
12,Used,28000,2014,Porsche,911,Turbo,,,Black,Automatic,,
13,Used,17282,2017,Porsche,911,Carrera,,,Black,Automatic,,
14,Porsche Certified,6119,2019,Porsche,911,Carrera,4S,,Black,Automatic,,
15,Used,6119,2019,Porsche,911,Turbo,S,,Black,Automatic,,
16,Used,10530,2018,Porsche,911,Turbo,S,,Black,Automatic,,
17,Used,34200,2017,Porsche,911,Carrera,4S,,Black,Automatic,,
18,Porsche Certified,20373,2017,Porsche,911,Carrera,S,,Black,Automatic,,
19,Used,37216,2012,Porsche,911,Turbo,,,Black,Automatic,,
20,Used,20674,2015,Porsche,911,Turbo,,,Black,Automatic,,
21,Used,50319,2009,Porsche,911,Carrera,4S,,Black,Automatic,,
22,Used,39539,2013,Porsche,911,Carrera,4,,Black,Automatic,,
23,Used,33054,2007,Porsche,911,Turbo,,,Black,Automatic,,
24,Porsche Certified,31765,2017,Porsche,911,Carrera,,,Black,Automatic,,
0,Used,481,2019,Porsche,911,Turbo,S,,Black,Automatic,,
1,Used,51395,2014,Porsche,911,Turbo,S,,Black,Automatic,,
2,Porsche Certified,5722,2018,Porsche,911,Turbo,,,Black,Automatic,,
3,Used,22323,2018,Porsche,911,Carrera,,,Black,Automatic,,
4,Used,37541,2015,Porsche,911,Turbo,,,Black,Automatic,,
5,Used,12565,2015,Porsche,911,GT3,,,Black,Automatic,,
6,Porsche Certified,2050,2019,Porsche,911,GT3,RS,,Black,Automatic,,
7,Porsche Certified,17947,2011,Porsche,911,Turbo,S,,Black,Automatic,,
8,Porsche Certified,9001,2015,Porsche,911,GT3,,,Black,Automatic,,
9,Used,12703,2011,Porsche,911,Turbo,S,,Black,Automatic,,
10,Used,1296,2019,Porsche,911,GT3,RS,,Black,Automatic,,
11,Used,125,2019,Porsche,911,Carrera,4S,,Black,Automatic,,
12,Porsche Certified,4177,2018,Porsche,911,Carrera,GTS,,Black,Automatic,,
13,Used,23000,2015,Porsche,911,Carrera,S,,Black,Automatic,,
14,Used,11607,2017,Porsche,911,Carrera,4S,,Black,Automatic,,
15,Used,38,2019,Porsche,911,Targa,4,GTS,Black,Automatic,,
16,Used,3100,2018,Porsche,911,Carrera,S,,Black,Automatic,,
17,Used,7155,2013,Porsche,911,Carrera,S,,Black,Automatic,,
18,Used,6965,2019,Porsche,911,Turbo,S,,Black,Automatic,,
19,Porsche Certified,27378,2013,Porsche,911,Carrera,4S,,Black,Automatic,,
20,Used,1426,2019,Porsche,911,GT3,RS,,Black,Automatic,,
21,Used,26312,2017,Porsche,911,Turbo,S,,Black,Automatic,,
22,Used,30665,2015,Porsche,911,Turbo,,,Black,Automatic,,
23,Porsche Certified,21547,2014,Porsche,911,Turbo,S,,Black,Automatic,,
24,Used,40460,2016,Porsche,911,Carrera,,,Black,Automatic,,
25,Used,6432,2017,Porsche,911,Turbo,,,Black,Automatic,,
26,Porsche Certified,11938,2017,Porsche,911,Carrera,S,,Black,Automatic,,
27,Used,32461,2016,Porsche,911,Carrera,Black,Edition,Black,Automatic,,
28,Used,73000,2014,Porsche,911,Carrera,,,Black,Automatic,,
29,Used,23400,2013,Porsche,911,Carrera,,,Black,Automatic,,
30,Used,21800,2012,Porsche,911,Carrera,S,,Black,Automatic,,
31,Used,48695,2012,Porsche,911,Carrera,Coupe,,Black,Automatic,,
32,Used,35361,2017,Porsche,911,Carrera,4S,,Black,Automatic,,
33,Used,39007,2017,Porsche,911,Carrera,,,Black,Automatic,,
34,Used,20831,2014,Porsche,911,Carrera,,,Black,Automatic,,
35,Used,33000,2013,Porsche,911,Carrera,,,Black,Automatic,,
36,Used,91030,2007,Porsche,911,Turbo,,,Black,Automatic,,
37,Used,11080,2017,Porsche,911,Carrera,4S,,Black,Automatic,,
38,Used,6589,2018,Porsche,911,Turbo,,,Black,Automatic,,
39,Used,6746,2016,Porsche,911,Carrera,GTS,,Black,Automatic,,
40,Used,11302,2011,Porsche,911,S,Turbo,,Black,Automatic,,
41,Used,56436,2012,Porsche,911,Carrera,S,,Black,Automatic,,
0,Used,9989,2015,Porsche,911,Turbo,S,,Black,Automatic,,
1,Used,43547,2017,Porsche,911,Turbo,,,Black,Automatic,,
2,Porsche Certified,35366,2017,Porsche,911,Carrera,4S,,Black,Automatic,,
3,Used,22323,2018,Porsche,911,Carrera,,,Black,Automatic,,
4,Used,37541,2015,Porsche,911,Turbo,,,Black,Automatic,,
5,Used,9492,2014,Porsche,911,Turbo,,,Black,Automatic,,
6,Used,14084,2014,Porsche,911,Turbo,S,,Black,Automatic,,
7,Porsche Certified,13492,2018,Porsche,911,Turbo,,,Black,Automatic,,
8,Used,56436,2012,Porsche,911,Carrera,S,,Black,Automatic,,
9,Used,23223,2016,Porsche,911,Turbo,,,Black,Automatic,,
10,Used,24368,2012,Porsche,911,Carrera,GTS,,Black,Automatic,,
11,Used,16007,2016,Porsche,911,Turbo,,,Black,Automatic,,
12,Used,3962,2011,Porsche,911,Turbo,S,,Black,Automatic,,
13,Used,22325,2015,Porsche,911,Carrera,GTS,,Black,Automatic,,
14,Used,11000,2016,Porsche,911,Turbo,S,,Black,Automatic,,
15,Used,9243,2017,Porsche,911,Turbo,S,,Black,Automatic,,
16,Porsche Certified,11315,2017,Porsche,911,Carrera,4S,,Black,Automatic,,
17,Used,21876,2013,Porsche,911,Carrera,S,,Black,Automatic,,
18,Used,7800,2017,Porsche,911,Targa,4,GTS,Black,Automatic,,
19,Porsche Certified,60653,2014,Porsche,911,Turbo,S,,Black,Automatic,,
20,Used,10986,2015,Porsche,911,GT3,,,Black,Automatic,,
21,Used,7001,2018,Porsche,911,GT3,,,Black,Automatic,,
22,Used,5769,2018,Porsche,911,Turbo,S,,Black,Automatic,,
23,Used,40591,2011,Porsche,911,Turbo,S,,Black,Automatic,,
24,Porsche Certified,43719,2014,Porsche,911,Turbo,S,,Black,Automatic,,
25,Used,3408,2017,Porsche,911,Turbo,,,Black,Automatic,,
26,Used,67,2019,Porsche,911,Turbo,,,Black,Automatic,,
27,Used,12800,2016,Porsche,911,Turbo,S,,Black,Automatic,,
28,Used,16309,2019,Porsche,911,Turbo,S,,Black,Automatic,,
29,Used,20497,2015,Porsche,911,Targa,4S,,Black,Automatic,,
30,Used,5523,2017,Porsche,911,Turbo,S,,Black,Automatic,,
31,Used,4255,2018,Porsche,911,GT2,RS,,Black,Automatic,,
32,Used,3738,2017,Porsche,911,Carrera,,,Black,Automatic,,
33,Porsche Certified,163,2019,Porsche,911,GT3,RS,,Black,Automatic,,
34,Used,8532,2015,Porsche,911,Turbo,,,Black,Automatic,,
0,Used,7400,2015,Porsche,911,Turbo,S,,Black,Automatic,,
1,Porsche Certified,27492,2013,Porsche,911,Carrera,S,,Black,Automatic,,
2,Used,12089,2019,Porsche,911,,,,Black,Automatic,,
3,Used,22323,2018,Porsche,911,Carrera,,,Black,Automatic,,
4,Porsche Certified,8970,2019,Porsche,911,Turbo,S,,Black,Automatic,,
5,Used,2582,2019,Porsche,911,GT3,RS,,Black,Automatic,,
6,Used,56436,2012,Porsche,911,Carrera,S,,Black,Automatic,,
7,Used,8384,2017,Porsche,911,Turbo,S,,Black,Automatic,,
8,Used,19671,2015,Porsche,911,Turbo,,,Black,Automatic,,
9,Used,7925,2016,Porsche,911,,,,Black,Automatic,,
10,Used,1115,2018,Porsche,911,GT2,RS,,Black,Automatic,,
11,Porsche Certified,18601,2016,Porsche,911,Turbo,S,,Black,Automatic,,
12,Porsche Certified,17892,2017,Porsche,911,Carrera,,,Black,Automatic,,
13,Used,19732,2013,Porsche,911,Carrera,S,,Black,Automatic,,
14,Used,25935,2014,Porsche,911,Turbo,S,,Black,Automatic,,
15,Used,5975,2018,Porsche,911,Turbo,S,,Black,Automatic,,
16,Used,5388,2018,Porsche,911,Turbo,,,Black,Automatic,,
17,Used,10650,2015,Porsche,911,Turbo,S,,Black,Automatic,,
18,Used,2300,2015,Porsche,911,GT3,,,Black,Automatic,,
19,Used,22789,2017,Porsche,911,Carrera,4S,,Black,Automatic,,
20,Used,19510,2015,Porsche,911,GT3,,,Black,Automatic,,
21,Used,18213,2018,Porsche,911,Carrera,S,,Black,Automatic,,
22,Used,6078,2015,Porsche,911,GT3,,,Black,Automatic,,
23,Used,3461,2018,Porsche,911,Turbo,,,Black,Automatic,,
24,Used,21998,2017,Porsche,911,Turbo,S,,Black,Automatic,,
25,Used,10805,2016,Porsche,911,Carrera,,,Black,Automatic,,
26,Porsche Certified,22246,2015,Porsche,911,Turbo,,,Black,Automatic,,
27,Porsche Certified,5980,2018,Porsche,911,Carrera,S,,Black,Automatic,,
28,Used,17146,2017,Porsche,911,Carrera,S,,Black,Automatic,,
29,Used,7914,2014,Porsche,911,GT3,,,Black,Automatic,,
30,Used,40880,2017,Porsche,911,Turbo,,,Black,Automatic,,
31,Porsche Certified,2536,2018,Porsche,911,Carrera,S,,Black,Automatic,,
32,Used,29218,2009,Porsche,911,Carrera,S,,Black,Automatic,,
33,Used,4133,2017,Porsche,911,Carrera,S,,Black,Automatic,,
34,Used,28521,2009,Porsche,911,Turbo,Cabriolet,,Black,Automatic,,
35,Used,3836,2019,Porsche,911,Turbo,,,Black,Automatic,,
36,Used,9151,2014,Porsche,911,Turbo,S,,Black,Automatic,,
37,Used,37,2019,Porsche,911,Turbo,,,Black,Automatic,,
38,Used,7376,2018,Porsche,911,GT2,RS,,Black,Automatic,,
39,Used,37541,2015,Porsche,911,Turbo,,,Black,Automatic,,
40,Used,23000,2016,Porsche,911,Targa,4S,,Black,Automatic,,
41,Used,20551,2011,Porsche,911,Turbo,S,,Black,Automatic,,
42,Used,9695,2011,Porsche,911,Turbo,,,Black,Automatic,,
43,Used,11064,2017,Porsche,911,Carrera,,,Black,Automatic,,
44,Porsche Certified,1715,2018,Porsche,911,GT2,RS,,Black,Automatic,,
45,Porsche Certified,15070,2017,Porsche,911,Turbo,S,,Black,Automatic,,
46,Used,9290,2018,Porsche,911,Turbo,S,,Black,Automatic,,
47,Used,8981,2013,Porsche,911,Turbo,S,,Black,Automatic,,
48,Used,21930,2014,Porsche,911,Carrera,S,,Black,Automatic,,
49,Used,11086,2017,Porsche,911,Carrera,S,,Black,Automatic,,
50,Used,10140,2015,Porsche,911,GT3,,,Black,Automatic,,
51,Used,9514,2015,Porsche,911,Turbo,,,Black,Automatic,,
52,Used,16,2018,Porsche,911,GT2,RS,,Black,Automatic,,
53,Used,1829,2019,Porsche,911,GT3,RS,,Black,Automatic,,
54,Used,52791,2014,Porsche,911,Carrera,S,,Black,Automatic,,
55,Porsche Certified,3756,2018,Porsche,911,Turbo,S,,Black,Automatic,,
56,Used,29000,2012,Porsche,911,Carrera,4,GTS,Black,Automatic,,
57,Porsche Certified,5555,2018,Porsche,911,,,,Black,Automatic,,
0,Used,28376,2013,Porsche,911,Carrera,4S,,Black,Automatic,,
1,Used,55669,2014,Porsche,911,Turbo,S,,Black,Automatic,,
2,Used,19560,2015,Porsche,911,Carrera,4S,,Black,Automatic,,
3,Used,37541,2015,Porsche,911,Turbo,,,Black,Automatic,,
4,Porsche Certified,5643,2019,Porsche,911,Turbo,S,,Black,Automatic,,
5,Used,4718,2015,Porsche,911,Turbo,S,,Black,Automatic,,
6,Used,3607,2018,Porsche,911,Carrera,T,,Black,Automatic,,
7,Porsche Certified,2628,2018,Porsche,911,Turbo,S,,Black,Automatic,,
8,Porsche Certified,6349,2019,Porsche,911,Turbo,S,,Black,Automatic,,
9,Porsche Certified,46715,2016,Porsche,911,Turbo,,,Black,Automatic,,
10,Porsche Certified,32023,2017,Porsche,911,Carrera,S,,Black,Automatic,,
11,Porsche Certified,2580,2017,Porsche,911,Turbo,S,,Black,Automatic,,
12,Used,22100,2012,Porsche,911,Turbo,S,,Black,Automatic,,
13,Used,56436,2012,Porsche,911,Carrera,S,,Black,Automatic,,
14,Used,15934,2014,Porsche,911,Carrera,S,,Black,Automatic,,
15,Used,25854,2013,Porsche,911,Carrera,4S,,Black,Automatic,,
16,Used,22323,2018,Porsche,911,Carrera,,,Black,Automatic,,
17,Porsche Certified,7515,2013,Porsche,911,Carrera,4S,,Black,Automatic,,
18,Porsche Certified,7380,2017,Porsche,911,Turbo,S,,Black,Automatic,,
19,Porsche Certified,12090,2016,Porsche,911,Targa,4S,,Black,Automatic,,
20,Used,13017,2015,Porsche,911,Turbo,S,,Black,Automatic,,
21,Used,13936,2017,Porsche,911,Turbo,,,Black,Automatic,,
22,Used,32994,2012,Porsche,911,Carrera,GTS,,Black,Automatic,,
23,Porsche Certified,2667,2018,Porsche,911,GT2,RS,,Black,Automatic,,
24,Used,16601,2012,Porsche,911,Turbo,S,,Black,Automatic,,
25,Used,26088,2012,Porsche,911,Carrera,4,GTS,Black,Automatic,,
26,Used,17908,2017,Porsche,911,,,,Black,Automatic,,
27,Used,6589,2018,Porsche,911,Turbo,,,Black,Automatic,,
28,Used,30144,2017,Porsche,911,Turbo,,,Black,Automatic,,
29,Used,1365,2018,Porsche,911,GT2,RS,,Black,Automatic,,
30,Used,20718,2017,Porsche,911,Carrera,,,Black,Automatic,,
31,Used,16653,2016,Porsche,911,Targa,4S,,Black,Automatic,,
32,Used,27427,2012,Porsche,911,Carrera,S,,Black,Automatic,,
33,Used,16509,2016,Porsche,911,Turbo,,,Black,Automatic,,
34,Used,21245,2018,Porsche,911,Carrera,S,,Black,Automatic,,
35,Porsche Certified,17732,2018,Porsche,911,Carrera,4S,,Black,Automatic,,
36,Used,19828,2017,Porsche,911,Carrera,,,Black,Automatic,,
37,Used,9976,2014,Porsche,911,Turbo,S,,Black,Automatic,,
38,Porsche Certified,9007,2017,Porsche,911,Carrera,GTS,,Black,Automatic,,
39,Used,5689,2018,Porsche,911,Turbo,S,,Black,Automatic,,
40,Used,12671,2011,Porsche,911,Turbo,S,,Black,Automatic,,
41,Used,29101,2012,Porsche,911,Carrera,4S,,Black,Automatic,,
42,Used,35652,2012,Porsche,911,Carrera,S,,Black,Automatic,,
43,Used,10797,2015,Porsche,911,Turbo,,,Black,Automatic,,
44,Porsche Certified,10021,2017,Porsche,911,Carrera,4S,,Black,Automatic,,
45,Used,3859,2019,Porsche,911,GT3,RS,,Black,Automatic,,
46,Porsche Certified,7961,2016,Porsche,911,Turbo,S,,Black,Automatic,,
47,Porsche Certified,29962,2017,Porsche,911,Turbo,S,,Black,Automatic,,
48,Used,21267,2012,Porsche,911,S,Turbo,,Black,Automatic,,
49,Porsche Certified,8888,2018,Porsche,911,GT3,,,Black,Automatic,,
50,Used,18636,2017,Porsche,911,Carrera,S,,Black,Automatic,,
51,Used,24442,2017,Porsche,911,Carrera,S,,Black,Automatic,,
52,Used,3351,2019,Porsche,911,Turbo,S,,Black,Automatic,,
53,Used,8900,2009,Porsche,911,Targa,4S,,Black,Automatic,,
54,Porsche Certified,13220,2017,Porsche,911,Carrera,4S,,Black,Automatic,,
0,Porsche Certified,7751,2017,Porsche,911,Turbo,,,Black,Automatic,,
1,Used,25335,2017,Porsche,911,Carrera,,,Black,Automatic,,
2,Used,32604,2012,Porsche,911,Turbo,S,,Black,Automatic,,
3,Used,37541,2015,Porsche,911,Turbo,,,Black,Automatic,,
4,Used,56436,2012,Porsche,911,Carrera,S,,Black,Automatic,,
5,Used,52513,2014,Porsche,911,Turbo,,,Black,Automatic,,
6,Used,1596,2019,Porsche,911,Carrera,T,,Black,Automatic,,
7,Used,3919,2012,Porsche,911,Turbo,S,,Black,Automatic,,
8,Used,34369,2013,Porsche,911,Carrera,4S,,Black,Automatic,,
9,Used,64107,2010,Porsche,911,Carrera,S,,Black,Automatic,,
10,Porsche Certified,7688,2016,Porsche,911,Carrera,S,,Black,Automatic,,
11,Used,48682,2015,Porsche,911,Carrera,,,Black,Automatic,,
12,Used,860,2018,Porsche,911,Turbo,S,,Black,Automatic,,
13,Porsche Certified,30705,2017,Porsche,911,Carrera,S,,Black,Automatic,,
14,Used,23947,2017,Porsche,911,Targa,4S,,Black,Automatic,,
15,Used,34520,2008,Porsche,911,Carrera,S,Cabriolet,Black,Automatic,,
16,Used,22323,2018,Porsche,911,Carrera,,,Black,Automatic,,
17,Used,14241,2017,Porsche,911,Carrera,,,Black,Automatic,,
18,Used,32500,2010,Porsche,911,Carrera,4S,,Black,Automatic,,
19,Porsche Certified,28376,2013,Porsche,911,Carrera,4S,,Black,Automatic,,
20,Used,7315,2007,Porsche,911,Turbo,,,Black,Automatic,,
21,Porsche Certified,24358,2014,Porsche,911,Turbo,S,,Black,Automatic,,
22,Used,11710,2014,Porsche,911,Carrera,4S,,Black,Automatic,,
23,Porsche Certified,45668,2014,Porsche,911,Carrera,4S,,Black,Automatic,,
24,Porsche Certified,14826,2014,Porsche,911,Carrera,,,Black,Automatic,,
25,Used,24300,2014,Porsche,911,Carrera,4,,Black,Automatic,,
26,Used,16340,2017,Porsche,911,Carrera,4S,,Black,Automatic,,
27,Used,77524,2008,Porsche,911,Carrera,4S,,Black,Automatic,,
28,Used,9579,2018,Porsche,911,Turbo,,,Black,Automatic,,
29,Used,54000,2015,Porsche,911,Targa,4S,,Black,Automatic,,
30,Used,6793,2018,Porsche,911,Carrera,GTS,,Black,Automatic,,
31,Porsche Certified,22416,2017,Porsche,911,Carrera,S,,Black,Automatic,,
32,Used,21181,2018,Porsche,911,GT3,,,Black,Automatic,,
33,Porsche Certified,11862,2016,Porsche,911,Carrera,GTS,,Black,Automatic,,
34,Used,28906,2014,Porsche,911,Carrera,,,Black,Automatic,,
35,Used,13542,2017,Porsche,911,Carrera,4S,,Black,Automatic,,
36,Used,1512,2019,Porsche,911,Turbo,S,,Black,Automatic,,
37,Used,11803,2012,Porsche,911,Carrera,GTS,,Black,Automatic,,
38,Porsche Certified,25690,2014,Porsche,911,Carrera,4S,,Black,Automatic,,
39,Used,22481,2012,Porsche,911,Turbo,S,,Black,Automatic,,
40,Used,19800,2007,Porsche,911,Turbo,,,Black,Automatic,,
0,Used,47649,2012,Porsche,911,Carrera,Black,Edition,Black,Automatic,,
1,Used,19020,2015,Porsche,911,Carrera,,,Black,Automatic,,
2,Used,15305,2016,Porsche,911,Turbo,,,Black,Automatic,,
3,Used,56436,2012,Porsche,911,Carrera,S,,Black,Automatic,,
4,Used,85000,2009,Porsche,911,Carrera,S,Cabriolet,Black,Automatic,,
5,Used,15808,2018,Porsche,911,Carrera,S,,Black,Automatic,,
6,Used,48750,2009,Porsche,911,Carrera,S,,Black,Automatic,,
7,Used,37856,2009,Porsche,911,Turbo,Cabriolet,,Black,Automatic,,
8,Used,37541,2015,Porsche,911,Turbo,,,Black,Automatic,,
9,Used,25648,2011,Porsche,911,Turbo,,,Black,Automatic,,
10,Used,20039,2013,Porsche,911,Carrera,S,,Black,Automatic,,
11,Used,29405,2012,Porsche,911,Carrera,4,,Black,Automatic,,
12,Used,54905,2012,Porsche,911,Carrera,S,,Black,Automatic,,
13,Used,35475,2013,Porsche,911,Carrera,S,,Black,Automatic,,
14,Used,40208,2016,Porsche,911,Carrera,,,Black,Automatic,,
15,Used,83931,2011,Porsche,911,Turbo,S,,Black,Automatic,,
16,Porsche Certified,47438,2017,Porsche,911,Carrera,,,Black,Automatic,,
17,Porsche Certified,9528,2014,Porsche,911,Turbo,S,,Black,Automatic,,
18,Used,65807,2012,Porsche,911,Turbo,S,,Black,Automatic,,
19,Porsche Certified,18823,2014,Porsche,911,Carrera,S,,Black,Automatic,,
20,Porsche Certified,32133,2016,Porsche,911,Carrera,4,,Black,Automatic,,
21,Porsche Certified,11772,2015,Porsche,911,Turbo,,,Black,Automatic,,
22,Used,24839,2008,Porsche,911,Turbo,Cabriolet,,Black,Automatic,,
23,Used,46369,2009,Porsche,911,Carrera,S,,Black,Automatic,,
24,Used,16004,2018,Porsche,911,Carrera,4S,,Black,Automatic,,
25,Used,32845,2013,Porsche,911,Carrera,,,Black,Automatic,,
26,Used,15442,2008,Porsche,911,Targa,4S,,Black,Automatic,,
27,Used,2546,2018,Porsche,911,GT2,RS,,Black,Automatic,,
28,Used,9223,2011,Porsche,911,Turbo,,,Black,Automatic,,
29,Used,9574,2018,Porsche,911,Carrera,4,GTS,Black,Automatic,,
30,Used,27748,2009,Porsche,911,Carrera,Cabriolet,,Black,Automatic,,
31,Used,8,2019,Porsche,911,Carrera,4S,,Black,Automatic,,
32,Used,28592,2012,Porsche,911,Carrera,Black,Edition,Black,Automatic,,
33,Used,39508,2014,Porsche,911,Carrera,,,Black,Automatic,,
34,Used,56154,2007,Porsche,911,Carrera,S,,Black,Automatic,,
35,Used,24640,2015,Porsche,911,Carrera,,,Black,Automatic,,
36,Used,46699,2013,Porsche,911,Carrera,S,,Black,Automatic,,
37,Used,51392,2010,Porsche,911,Carrera,4,Cabriolet,Black,Automatic,,
38,Used,38463,2014,Porsche,911,Carrera,S,,Black,Automatic,,
39,Used,19727,2014,Porsche,911,Carrera,S,,Black,Automatic,,
40,Used,40750,2012,Porsche,911,Carrera,S,,Black,Automatic,,
41,Used,74005,2008,Porsche,911,Carrera,4,,Black,Automatic,,
42,Used,90492,2008,Porsche,911,Turbo,Cabriolet,,Black,Automatic,,
43,Used,46788,2014,Porsche,911,Carrera,,,Black,Automatic,,
44,Used,38396,2013,Porsche,911,Carrera,,,Black,Automatic,,
0,Used,13085,2010,Porsche,911,Turbo,,,Black,Automatic,,
1,Used,2166,2019,Porsche,911,Turbo,S,,Black,Automatic,,
2,Used,28013,2012,Porsche,911,Turbo,S,,Black,Automatic,,
3,Used,37541,2015,Porsche,911,Turbo,,,Black,Automatic,,
4,Used,54993,2016,Porsche,911,Carrera,4,,Black,Automatic,,
5,Used,56436,2012,Porsche,911,Carrera,S,,Black,Automatic,,
6,Used,7299,2018,Porsche,911,Carrera,S,,Black,Automatic,,
7,Used,93033,2008,Porsche,911,Carrera,S,Cabriolet,Black,Automatic,,
8,Used,50695,2008,Porsche,911,Carrera,S,Cabriolet,Black,Automatic,,
9,Used,26287,2017,Porsche,911,Targa,4S,,Black,Automatic,,
10,Used,24431,2016,Porsche,911,Carrera,,,Black,Automatic,,
11,Used,15157,2015,Porsche,911,Carrera,S,,Black,Automatic,,
12,Used,36422,2016,Porsche,911,Carrera,,,Black,Automatic,,
13,Used,12693,2016,Porsche,911,Carrera,S,,Black,Automatic,,
14,Used,34281,2017,Porsche,911,Carrera,S,,Black,Automatic,,
15,Used,40291,2010,Porsche,911,Carrera,,,Black,Automatic,,
16,Porsche Certified,51312,2013,Porsche,911,Carrera,,,Black,Automatic,,
17,Used,119,2019,Porsche,911,Turbo,S,,Black,Automatic,,
18,Used,4807,2014,Porsche,911,Carrera,,,Black,Automatic,,
19,Used,33302,2010,Porsche,911,Carrera,S,,Black,Automatic,,
20,Used,32477,2019,Porsche,911,Carrera,GTS,,Black,Automatic,,
21,Used,8508,2017,Porsche,911,Carrera,S,,Black,Automatic,,
22,Used,22323,2018,Porsche,911,Carrera,,,Black,Automatic,,
23,Used,23556,2013,Porsche,911,Carrera,4S,,Black,Automatic,,
24,Used,17130,2016,Porsche,911,Carrera,S,,Black,Automatic,,
25,Used,1255,2019,Porsche,911,Carrera,4,GTS,Black,Automatic,,
26,Used,20187,2016,Porsche,911,Carrera,GTS,,Black,Automatic,,
27,Used,6118,2014,Porsche,911,Carrera,S,,Black,Automatic,,
28,Used,114910,2012,Porsche,911,Turbo,S,,Black,Automatic,,
29,Used,53500,2013,Porsche,911,Carrera,4,,Black,Automatic,,
30,Used,9482,2016,Porsche,911,Carrera,,,Black,Automatic,,
31,Used,20412,2012,Porsche,911,Carrera,S,,Black,Automatic,,
32,Used,13522,2012,Porsche,911,Carrera,S,,Black,Automatic,,
33,Porsche Certified,11130,2011,Porsche,911,Turbo,S,,Black,Automatic,,
34,Porsche Certified,21174,2012,Porsche,911,Carrera,4,GTS,Black,Automatic,,
35,Used,35106,2009,Porsche,911,Turbo,,,Black,Automatic,,
36,Porsche Certified,17489,2015,Porsche,911,Targa,4S,,Black,Automatic,,
37,Used,36000,2017,Porsche,911,Carrera,4S,,Black,Automatic,,
38,Porsche Certified,11667,2016,Porsche,911,Targa,4S,,Black,Automatic,,
39,Used,15050,2018,Porsche,911,Carrera,,,Black,Automatic,,
40,Used,17000,2016,Porsche,911,Carrera,GTS,,Black,Automatic,,
41,Used,72047,2012,Porsche,911,Carrera,S,,Black,Automatic,,
42,Used,34445,2012,Porsche,911,991,Carrera,S,Black,Automatic,,
43,Used,18988,2007,Porsche,911,Turbo,,,Black,Automatic,,
44,Used,31501,2012,Porsche,911,Carrera,4,GTS,Black,Automatic,,
45,Porsche Certified,15235,2017,Porsche,911,Carrera,S,,Black,Automatic,,
46,Porsche Certified,2836,2019,Porsche,911,Carrera,S,,Black,Automatic,,
47,Used,9421,2017,Porsche,911,Carrera,,,Black,Automatic,,
48,Used,6321,2019,Porsche,911,Carrera,,,Black,Automatic,,
49,Porsche Certified,22011,2017,Porsche,911,Carrera,,,Black,Automatic,,
50,Porsche Certified,1332,2018,Porsche,911,Carrera,,,Black,Automatic,,
51,Used,33853,2017,Porsche,911,Carrera,4S,,Black,Automatic,,
52,Used,73301,2008,Porsche,911,Turbo,Cabriolet,,Black,Automatic,,
53,Used,29253,2007,Porsche,911,Turbo,,,Black,Automatic,,
54,Used,18485,2016,Porsche,911,Carrera,,,Black,Automatic,,
55,Used,31017,2015,Porsche,911,Carrera,4S,,Black,Automatic,,
56,Used,86000,2007,Porsche,911,Carrera,S,Cabriolet,Black,Automatic,,
57,Used,17312,2015,Porsche,911,Turbo,S,,Black,Automatic,,
58,Used,35743,2013,Porsche,911,Carrera,4S,,Black,Automatic,,
59,Used,7291,2018,Porsche,911,Carrera,GTS,,Black,Automatic,,
0,Used,1195,2019,Porsche,911,GT2,RS,,Black,Automatic,,
1,Used,2645,2018,Porsche,911,GT2,RS,,Black,Automatic,,
2,Porsche Certified,42,2018,Porsche,911,GT2,RS,,Black,Automatic,,
3,Used,950,2019,Porsche,911,GT2,RS,,Black,Automatic,,
4,Used,104,2018,Porsche,911,GT2,RS,,Black,Automatic,,
5,Used,16,2018,Porsche,911,GT2,RS,,Black,Automatic,,
6,Porsche Certified,1522,2018,Porsche,911,GT2,RS,,Black,Automatic,,
7,Used,1635,2018,Porsche,911,GT2,RS,,Black,Automatic,,
8,Used,305,2018,Porsche,911,GT2,RS,,Black,Automatic,,
9,Porsche Certified,2667,2018,Porsche,911,GT2,RS,,Black,Automatic,,
10,Used,417,2018,Porsche,911,GT2,RS,,Black,Automatic,,
11,Used,60,2018,Porsche,911,GT2,RS,,Black,Automatic,,
12,Used,177,2019,Porsche,911,GT2,RS,,Black,Automatic,,
13,Used,286,2018,Porsche,911,GT2,RS,,Black,Automatic,,
14,Used,564,2018,Porsche,911,GT2,RS,,Black,Automatic,,
15,Porsche Certified,676,2018,Porsche,911,GT2,RS,,Black,Automatic,,
16,Used,635,2018,Porsche,911,GT2,RS,,Black,Automatic,,
17,Porsche Certified,6030,2018,Porsche,911,GT2,RS,,Black,Automatic,,
18,Used,28,2018,Porsche,911,GT2,RS,,Black,Automatic,,
19,Used,7376,2018,Porsche,911,GT2,RS,,Black,Automatic,,
20,Used,1278,2018,Porsche,911,GT2,RS,,Black,Automatic,,
21,Used,499,2019,Porsche,911,GT2,RS,,Black,Automatic,,
22,Used,680,2018,Porsche,911,GT2,RS,,Black,Automatic,,
23,Porsche Certified,1770,2018,Porsche,911,GT2,RS,,Black,Automatic,,
24,Used,1348,2018,Porsche,911,GT2,RS,,Black,Automatic,,
25,Porsche Certified,763,2018,Porsche,911,GT2,RS,,Black,Automatic,,
26,Used,2546,2018,Porsche,911,GT2,RS,,Black,Automatic,,
27,Used,806,2018,Porsche,911,GT2,RS,,Black,Automatic,,
28,Used,1513,2018,Porsche,911,GT2,RS,,Black,Automatic,,
29,Porsche Certified,1715,2018,Porsche,911,GT2,RS,,Black,Automatic,,
30,Used,630,2018,Porsche,911,GT2,RS,,Black,Automatic,,
31,Porsche Certified,1874,2018,Porsche,911,GT2,RS,,Black,Automatic,,
32,Used,775,2018,Porsche,911,GT2,RS,,Black,Automatic,,
33,Used,341,2018,Porsche,911,Turbo,S,,Black,Automatic,,
34,Used,1115,2018,Porsche,911,GT2,RS,,Black,Automatic,,
35,Used,1136,2019,Porsche,911,GT2,RS,,Black,Automatic,,
36,Used,3734,2018,Porsche,911,GT2,RS,,Black,Automatic,,
37,Used,164,2018,Porsche,911,GT2,RS,,Black,Automatic,,
38,Used,1365,2018,Porsche,911,GT2,RS,,Black,Automatic,,
39,Used,1250,2018,Porsche,911,GT2,RS,,Black,Automatic,,
40,Porsche Certified,4881,2018,Porsche,911,GT2,RS,,Black,Automatic,,
41,Used,3393,2018,Porsche,911,GT2,RS,,Black,Automatic,,
42,Used,785,2018,Porsche,911,GT2,RS,,Black,Automatic,,
43,Used,1225,2018,Porsche,911,GT2,RS,,Black,Automatic,,
44,Used,925,2018,Porsche,911,GT2,RS,,Black,Automatic,,
45,Used,200,2018,Porsche,911,Turbo,S,,Black,Automatic,,
46,Used,860,2018,Porsche,911,Turbo,S,,Black,Automatic,,
47,Used,649,2019,Porsche,911,Turbo,S,,Black,Automatic,,
48,Used,561,2018,Porsche,911,Turbo,S,,Black,Automatic,,
49,Used,267,2019,Porsche,911,Turbo,S,,Black,Automatic,,
50,Used,619,2019,Porsche,911,Turbo,S,,Black,Automatic,,
51,Porsche Certified,989,2018,Porsche,911,GT2,RS,,Black,Automatic,,
52,Used,4255,2018,Porsche,911,GT2,RS,,Black,Automatic,,
53,Used,11905,2018,Porsche,911,GT2,RS,,Black,Automatic,,
54,Used,209,2019,Porsche,911,Turbo,S,,Black,Automatic,,
55,Used,194,2018,Porsche,911,Turbo,S,,Black,Automatic,,
56,Porsche Certified,4997,2011,Porsche,911,,,,Black,Automatic,,
57,Used,72,2019,Porsche,911,Turbo,S,,Black,Automatic,,
58,Used,29,2018,Porsche,911,Turbo,S,,Black,Automatic,,
59,Used,4154,2018,Porsche,911,Turbo,S,,Black,Automatic,,
60,Used,75,2018,Porsche,911,Turbo,S,,Black,Automatic,,
61,Used,539,2019,Porsche,911,GT3,RS,,Black,Automatic,,
62,Used,41,2019,Porsche,911,GT3,RS,,Black,Automatic,,
63,Used,1512,2019,Porsche,911,Turbo,S,,Black,Automatic,,
64,Porsche Certified,163,2019,Porsche,911,GT3,RS,,Black,Automatic,,
65,Porsche Certified,2242,2019,Porsche,911,GT3,,,Black,Automatic,,
66,Used,61,2019,Porsche,911,GT3,RS,,Black,Automatic,,
67,Used,41,2019,Porsche,911,GT3,RS,,Black,Automatic,,
68,Used,1730,2019,Porsche,911,GT3,RS,,Black,Automatic,,
69,Used,1829,2019,Porsche,911,GT3,RS,,Black,Automatic,,
70,Used,650,2019,Porsche,911,GT3,RS,,Black,Automatic,,
71,Used,11,2019,Porsche,911,GT3,RS,,Black,Automatic,,
72,Used,743,2019,Porsche,911,GT3,RS,,Black,Automatic,,
73,Porsche Certified,1594,2019,Porsche,911,Turbo,S,,Black,Automatic,,
74,Used,100,2019,Porsche,911,GT3,RS,,Black,Automatic,,
75,Used,1071,2019,Porsche,911,GT3,RS,,Black,Automatic,,
76,Used,274,2019,Porsche,911,GT3,RS,,Black,Automatic,,
77,Used,620,2019,Porsche,911,GT3,RS,,Black,Automatic,,
78,Porsche Certified,536,2019,Porsche,911,GT3,RS,,Black,Automatic,,
79,Used,186,2019,Porsche,911,GT3,RS,,Black,Automatic,,
80,Used,1426,2019,Porsche,911,GT3,RS,,Black,Automatic,,
81,Used,2723,2019,Porsche,911,GT3,RS,,Black,Automatic,,
82,Used,1336,2019,Porsche,911,GT3,RS,,Black,Automatic,,
83,Used,42,2019,Porsche,911,GT3,RS,,Black,Automatic,,
84,Porsche Certified,4964,2019,Porsche,911,GT3,RS,,Black,Automatic,,
85,Porsche Certified,1250,2019,Porsche,911,GT3,RS,,Black,Automatic,,
86,Used,103,2019,Porsche,911,GT3,RS,,Black,Automatic,,
87,Used,3187,2019,Porsche,911,GT3,RS,,Black,Automatic,,
88,Porsche Certified,459,2019,Porsche,911,GT3,RS,,Black,Automatic,,
89,Used,650,2019,Porsche,911,GT3,RS,,Black,Automatic,,
90,Used,1817,2019,Porsche,911,GT3,RS,,Black,Automatic,,
91,Porsche Certified,3319,2019,Porsche,911,Turbo,S,,Black,Automatic,,
92,Used,328,2019,Porsche,911,GT3,RS,,Black,Automatic,,
93,Used,46,2019,Porsche,911,GT3,RS,,Black,Automatic,,
94,Used,3859,2019,Porsche,911,GT3,RS,,Black,Automatic,,
95,Used,1515,2019,Porsche,911,GT3,RS,,Black,Automatic,,
96,Used,4088,2019,Porsche,911,GT3,RS,,Black,Automatic,,
97,Used,508,2019,Porsche,911,GT3,RS,,Black,Automatic,,
98,Porsche Certified,7076,2019,Porsche,911,GT3,RS,,Black,Automatic,,
99,Used,3351,2019,Porsche,911,Turbo,S,,Black,Automatic,,
